gmeLabel,flag
Delft,http://commons.wikimedia.org/wiki/Special:FilePath/Flag%20of%20Delft.svg
Dordrecht,http://commons.wikimedia.org/wiki/Special:FilePath/Flag%20of%20Dordrecht.svg
Zoetermeer,http://commons.wikimedia.org/wiki/Special:FilePath/Zoetermeer%20vlag.svg
Westland,http://commons.wikimedia.org/wiki/Special:FilePath/Westland%20municipality%20flag.svg
Den Haag,http://commons.wikimedia.org/wiki/Special:FilePath/Flag%20of%20The%20Hague.svg
Leiden,http://commons.wikimedia.org/wiki/Special:FilePath/Flag%20of%20Leiden.svg
Gouda,http://commons.wikimedia.org/wiki/Special:FilePath/Flag%20of%20Gouda.svg
Oegstgeest,http://commons.wikimedia.org/wiki/Special:FilePath/Oegstgeest%20Netherlands%20flag.svg
Leidschendam-Voorburg,http://commons.wikimedia.org/wiki/Special:FilePath/Leidschendam-Voorburg%20vlag.svg
Alkemade,http://commons.wikimedia.org/wiki/Special:FilePath/Flag%20of%20Alkemade.gif
Bernisse,http://commons.wikimedia.org/wiki/Special:FilePath/Flag%20of%20Bernisse.svg
Zederik,http://commons.wikimedia.org/wiki/Special:FilePath/Zederik%20vlag.svg
Zevenhoven,http://commons.wikimedia.org/wiki/Special:FilePath/Zevenhoven%20vlag.svg
Zevenhuizen-Moerkapelle,http://commons.wikimedia.org/wiki/Special:FilePath/Zevenhuizen-Moerkapelle%20vlag.svg
Barendrecht,http://commons.wikimedia.org/wiki/Special:FilePath/Barendrecht%20vlag.svg
Schiedam,http://commons.wikimedia.org/wiki/Special:FilePath/Flag%20of%20Schiedam.svg
Katwijk,http://commons.wikimedia.org/wiki/Special:FilePath/Katwijk%20vlag.svg
Vlaardingen,http://commons.wikimedia.org/wiki/Special:FilePath/Flag%20of%20Vlaardingen.svg
Alphen aan den Rijn,http://commons.wikimedia.org/wiki/Special:FilePath/Vlag%20Alphen%20aan%20den%20Rijn.svg
Zoeterwoude,http://commons.wikimedia.org/wiki/Special:FilePath/Flag%20of%20Zoeterwoude.svg
Ridderkerk,http://commons.wikimedia.org/wiki/Special:FilePath/Ridderkerk%20Netherlands.svg
Driebruggen,
Zuidplas,http://commons.wikimedia.org/wiki/Special:FilePath/Zuidplas%20flag.svg
Gorinchem,http://commons.wikimedia.org/wiki/Special:FilePath/Flag%20of%20Gorinchem.svg
Zwijndrecht,http://commons.wikimedia.org/wiki/Special:FilePath/Zwijndrecht%20%28Nederland%29%20vlag.svg
Roxenisse,
Pijnacker-Nootdorp,http://commons.wikimedia.org/wiki/Special:FilePath/Pijnacker-Nootdorp%20vlag.svg
Cromstrijen,http://commons.wikimedia.org/wiki/Special:FilePath/Flag%20of%20Cromstrijen.svg
Lisse,http://commons.wikimedia.org/wiki/Special:FilePath/Flag%20of%20Lisse.svg
Leerdam,http://commons.wikimedia.org/wiki/Special:FilePath/Leerdam%20flag.svg
's-Gravenzande,
Noordwijk,http://commons.wikimedia.org/wiki/Special:FilePath/Noordwijk%20vlag%202020.svg
Brielle,http://commons.wikimedia.org/wiki/Special:FilePath/Flag%20of%20Brielle.svg
Maassluis,http://commons.wikimedia.org/wiki/Special:FilePath/Maassluis%20flag.svg
Oukoop,
Wassenaar,http://commons.wikimedia.org/wiki/Special:FilePath/Wassenaar%20flag.svg
Rijswijk,http://commons.wikimedia.org/wiki/Special:FilePath/Flag%20of%20Papendrecht.svg
Hendrik-Ido-Ambacht,http://commons.wikimedia.org/wiki/Special:FilePath/Flag%20of%20Hendrik-Ido-Ambacht.svg
Nieuwerkerk aan den IJssel,http://commons.wikimedia.org/wiki/Special:FilePath/VlagNieuwerkerkaandenIJssel.gif
Nederslingeland,
Veur,
Hekelingen,
Capelle aan den IJssel,http://commons.wikimedia.org/wiki/Special:FilePath/Capelle%20aan%20den%20IJssel%20vlag.svg
Alblasserdam,http://commons.wikimedia.org/wiki/Special:FilePath/Alblasserdam%20vlag.svg
Liesveld,http://commons.wikimedia.org/wiki/Special:FilePath/Flag%20of%20Liesveld.svg
Krimpen aan den IJssel,http://commons.wikimedia.org/wiki/Special:FilePath/Krimpen%20aan%20den%20Ijssel%20vlag.svg
Sliedrecht,http://commons.wikimedia.org/wiki/Special:FilePath/Sliedrecht%20vlag.svg
Benthuizen,http://commons.wikimedia.org/wiki/Special:FilePath/Flag%20of%20Benthuizen.svg
Bergschenhoek,http://commons.wikimedia.org/wiki/Special:FilePath/Flag%20of%20Bergschenhoek.svg
Berkel en Rodenrijs,http://commons.wikimedia.org/wiki/Special:FilePath/Flag%20of%20Berkel%20en%20Rodenrijs.svg
Oostflakkee,http://commons.wikimedia.org/wiki/Special:FilePath/Flag%20of%20Oostflakkee.svg
Waddinxveen,http://commons.wikimedia.org/wiki/Special:FilePath/Vlag%20waddinxveen.svg
Hellevoetsluis,http://commons.wikimedia.org/wiki/Special:FilePath/Flag%20of%20Hellevoetsluis.svg
Voorschoten,http://commons.wikimedia.org/wiki/Special:FilePath/Flag%20of%20Voorschoten.svg
Strijen,http://commons.wikimedia.org/wiki/Special:FilePath/Flag%20of%20Strijen.svg
Binnenmaas,http://commons.wikimedia.org/wiki/Special:FilePath/Binnenmaas%20vlag.svg
Bleiswijk,http://commons.wikimedia.org/wiki/Special:FilePath/Flag%20of%20Bleiswijk.svg
Bodegraven-Reeuwijk,http://commons.wikimedia.org/wiki/Special:FilePath/Bodegraven-Reeuwijk%20vlag.svg
Dirksland,http://commons.wikimedia.org/wiki/Special:FilePath/Dirksland%20vlag.svg
Voorhout,http://commons.wikimedia.org/wiki/Special:FilePath/Flag%20of%20Voorhout.svg
Hillegom,http://commons.wikimedia.org/wiki/Special:FilePath/Flag%20of%20Hillegom.svg
Goeree-Overflakkee,http://commons.wikimedia.org/wiki/Special:FilePath/Goeree-Overflakkee%20gemeentevlag.svg
Papendrecht,http://commons.wikimedia.org/wiki/Special:FilePath/Flag%20of%20Papendrecht.svg
Albrandswaard,http://commons.wikimedia.org/wiki/Special:FilePath/Albrandswaard%20flag.svg
Westvoorne,http://commons.wikimedia.org/wiki/Special:FilePath/Flag%20of%20Westvoorne.svg
Nieuwkoop,http://commons.wikimedia.org/wiki/Special:FilePath/Flag%20of%20Nieuwkoop.svg
Ouderkerk,http://commons.wikimedia.org/wiki/Special:FilePath/Ouderkerk%20%28Zuid-Holland%29%20vlag.svg
Rijnwoude,http://commons.wikimedia.org/wiki/Special:FilePath/Rijnwoude%20vlag.svg
Onwaard,
De Mijl,
Wieldrecht,
Achttienhoven,
Nieuwenhoorn,
Stellendam,
Hoogvliet,
Hoogmade,
Herkingen,
Bleskensgraaf,
Lange Ruige Weide,
Rijsoort en Strevelshoek,
Zuid-Waddinxveen,
Ackersdijk en Vrouwenregt,
Nieuwpoort,
Benthorn,
Korendijk,http://commons.wikimedia.org/wiki/Special:FilePath/Flag%20of%20Korendijk.svg
Midden-Delfland,http://commons.wikimedia.org/wiki/Special:FilePath/Midden%20Delfland%20vlag.svg
Hardinxveld-Giessendam,http://commons.wikimedia.org/wiki/Special:FilePath/Hardinxveldgiessendam%20flag.svg
Jacobswoude,http://commons.wikimedia.org/wiki/Special:FilePath/Flag%20of%20Jacobswoude.svg
Gouderak,
Liemeer,http://commons.wikimedia.org/wiki/Special:FilePath/Liemeer%20vlag.svg
Reeuwijk,http://commons.wikimedia.org/wiki/Special:FilePath/Flag%20of%20Reeuwijk.svg
Loosduinen,
Leiderdorp,http://commons.wikimedia.org/wiki/Special:FilePath/Leiderdorp%20vlag.svg
Vlist,http://commons.wikimedia.org/wiki/Special:FilePath/Vlist%20vlag.svg
Moordrecht,http://commons.wikimedia.org/wiki/Special:FilePath/Flag%20of%20Moordrecht.svg
Rozenburg,http://commons.wikimedia.org/wiki/Special:FilePath/Rozenburg%20vlag.svg
Sommelsdijk,http://commons.wikimedia.org/wiki/Special:FilePath/Sommelsdijk%20vlag.svg
Maasland,http://commons.wikimedia.org/wiki/Special:FilePath/Maasland%20vlag.svg
Graafstroom,http://commons.wikimedia.org/wiki/Special:FilePath/Graafstroom%20flag.svg
Giessenlanden,http://commons.wikimedia.org/wiki/Special:FilePath/Giessenlanden%20vlag.svg
Nederlek,http://commons.wikimedia.org/wiki/Special:FilePath/Flag%20of%20Nederlek.svg
Lansingerland,http://commons.wikimedia.org/wiki/Special:FilePath/Flag%20Lansingerland.svg
Delfshaven,
Zouteveen,
Kaag en Braassem,http://commons.wikimedia.org/wiki/Special:FilePath/Vlag%20van%20Kaag%20en%20Braassem.svg
Teylingen,http://commons.wikimedia.org/wiki/Special:FilePath/Teylingen%20vlag.svg
Giessenburg,
Ter Aar,http://commons.wikimedia.org/wiki/Special:FilePath/Flag%20of%20Ter%20Aar.svg
Schipluiden,http://commons.wikimedia.org/wiki/Special:FilePath/Flag%20of%20Schipluiden.svg
Katendrecht,
Melissant,
Tempel,
Hoog- en Woud-Harnasch,
Heer Oudelands Ambacht,
Molenwaard,http://commons.wikimedia.org/wiki/Special:FilePath/Molenwaard%20vlag.svg
Oude en Nieuwe Struiten,
Vlaardinger-Ambacht,
Rietveld,
Ooltgensplaat,
Nieuw-Helvoet,
Oudshoorn,
Krimpen aan de Lek,http://commons.wikimedia.org/wiki/Special:FilePath/Flag%20of%20Krimpen%20aan%20de%20Lek.gif
Charlois,
Ouderkerk aan den IJssel,
Waarder,
Overschie,http://commons.wikimedia.org/wiki/Special:FilePath/Overschie%20vlag.svg
Hillegersberg,http://commons.wikimedia.org/wiki/Special:FilePath/Flag%20of%20Hillegersberg.svg
Sint Maartensregt,
Biesland,
Schiebroek,
Heukelum,http://commons.wikimedia.org/wiki/Special:FilePath/Heukelum%20Gemeentevlag%206%20mei%201971.svg
Noord-Waddinxveen,
Oude-Tonge,http://commons.wikimedia.org/wiki/Special:FilePath/Flag%20of%20Oude-Tonge.svg
Stompwijk,
Den Bommel,
Groote Lindt,
Haastrecht,http://commons.wikimedia.org/wiki/Special:FilePath/Flag%20of%20Haastrecht.gif
Seghwaert,
Stormpolder,
Kijfhoek,
Groeneveld,
Zevenhuizen,http://commons.wikimedia.org/wiki/Special:FilePath/Zevenhuizen%20%28ZH%29%20vlag.svg
Stolwijk,
Biert,
Barwoutswaarder,
De Vennip,
Rotterdam,http://commons.wikimedia.org/wiki/Special:FilePath/Flag%20of%20Rotterdam.svg
Sluipwijk,
Westmaas,http://commons.wikimedia.org/wiki/Special:FilePath/Flag%20of%20Westmaas.svg
Oostvoorne,http://commons.wikimedia.org/wiki/Special:FilePath/Flag%20of%20Oostvoorne.svg
Zuidwijk,
Muiden,http://commons.wikimedia.org/wiki/Special:FilePath/Flag%20of%20Muiden.svg
Ilpendam,
Spaarndam,
Beets,
Zaandijk,http://commons.wikimedia.org/wiki/Special:FilePath/Zaandijk%20vlag.svg
Wormerveer,
Westzaan,
Borsele,http://commons.wikimedia.org/wiki/Special:FilePath/Flag%20of%20Borsele.svg
Goes,http://commons.wikimedia.org/wiki/Special:FilePath/Flag%20of%20Goes.svg
Hulst,http://commons.wikimedia.org/wiki/Special:FilePath/Hulst%20vlag.svg
Kapelle,http://commons.wikimedia.org/wiki/Special:FilePath/Flag%20of%20Kapelle.svg
Middelburg,http://commons.wikimedia.org/wiki/Special:FilePath/Middelburg%20vlag.svg
Noord-Beveland,http://commons.wikimedia.org/wiki/Special:FilePath/Noord-Beveland%20vlag.svg
Reimerswaal,http://commons.wikimedia.org/wiki/Special:FilePath/Flag%20of%20Reimerswaal.svg
Schouwen-Duiveland,http://commons.wikimedia.org/wiki/Special:FilePath/Schouwen-Duiveland%20vlag.svg
Sluis,http://commons.wikimedia.org/wiki/Special:FilePath/Sluis%20vlag.svg
Terneuzen,http://commons.wikimedia.org/wiki/Special:FilePath/Terneuzen%20vlag.svg
Tholen,http://commons.wikimedia.org/wiki/Special:FilePath/Flag%20of%20Tholen.svg
Veere,http://commons.wikimedia.org/wiki/Special:FilePath/Veere%20vlag.svg
Schermerhorn,http://commons.wikimedia.org/wiki/Special:FilePath/Schermerhorn%20vlag.svg
Sijbekarspel,
Limmen,
Egmond aan Zee,http://commons.wikimedia.org/wiki/Special:FilePath/Egmond%20aan%20Zee%20vlag.svg
Egmond-Binnen,
Hensbroek,
Veenhuizen,
Kalslagen,
Etersheim,
Jisp,http://commons.wikimedia.org/wiki/Special:FilePath/Jisp%20vlag.svg
Dijk en Waard,
Wieringen,http://commons.wikimedia.org/wiki/Special:FilePath/Wieringen%20vlag.svg
Bussum,http://commons.wikimedia.org/wiki/Special:FilePath/Flag%20of%20Bussum.svg
Naarden,http://commons.wikimedia.org/wiki/Special:FilePath/Naarden%20vlag.svg
Purmerend,
Bangert,
Krommenie,
Koog aan de Zaan,
Blokker,
Andijk,http://commons.wikimedia.org/wiki/Special:FilePath/Andijk%20flag.svg
Anna Paulowna,http://commons.wikimedia.org/wiki/Special:FilePath/Anna%20Paulowna%20vlag.svg
Wijdenes,
Oudendijk,
Schardam,
Nibbixwoud,http://commons.wikimedia.org/wiki/Special:FilePath/Nibbixwoud%20vlag%201969.svg
Akersloot,
Nieuwolda,
Alkmaar,http://commons.wikimedia.org/wiki/Special:FilePath/Alkmaar%20Flag.svg
Aalsmeer,http://commons.wikimedia.org/wiki/Special:FilePath/Aalsmeer%20flag.svg
Amstelveen,http://commons.wikimedia.org/wiki/Special:FilePath/Amstelveen%20flag.svg
Amsterdam,http://commons.wikimedia.org/wiki/Special:FilePath/Flag%20of%20Amsterdam.svg
Beemster,http://commons.wikimedia.org/wiki/Special:FilePath/Beemster%20flag.svg
Bergen,http://commons.wikimedia.org/wiki/Special:FilePath/Flag%20of%20Bergen%20%28Netherlands%29.svg
Beverwijk,http://commons.wikimedia.org/wiki/Special:FilePath/Flag%20of%20Beverwijk.svg
Blaricum,http://commons.wikimedia.org/wiki/Special:FilePath/Blaricum%20vlag.svg
Bloemendaal,http://commons.wikimedia.org/wiki/Special:FilePath/Bloemendaal%20vlag%202019.svg
Meerkerk,
's-Gravenambacht,
't Woud,
Abtsregt,
Ameide,http://commons.wikimedia.org/wiki/Special:FilePath/Ameide%20vlag.svg
Berkenwoude,
Strevelshoek,
Koudekerk aan den Rijn,http://commons.wikimedia.org/wiki/Special:FilePath/Koudekerk%20aan%20den%20Rijn%20vlag.svg
Broek,
Stad aan 't Haringvliet,
Moerkapelle,
Zwammerdam,http://commons.wikimedia.org/wiki/Special:FilePath/Flag%20of%20Zwammerdam.svg
Hardinxveld,
Poortugaal,http://commons.wikimedia.org/wiki/Special:FilePath/Vlag%20Poortugaal.png
Vierpolders,
Zwartewaal,http://commons.wikimedia.org/wiki/Special:FilePath/Flag%20of%20Zwartewaal.png
Geervliet,
Groot-Ammers,
Hazerswoude,
Hekendorp,
Lekkerkerk,
Kleine-Lindt,
Laagblokland,
Meerdervoort,
Naaldwijk,
"Naters, Netherlands",
Nieuweveen,
"Nieuwland, Kortland en 's-Graveland",
Oud- en Nieuw-Mathenesse,
Rijnsaterwoude,
Ruiven,
Sandelingen-Ambacht,
Schuddebeurs en Simonshaven,
Vrijhoeven,
Vrije en Lage Boekhorst,
Zuidland,http://commons.wikimedia.org/wiki/Special:FilePath/Zuidland%20vlag.svg
Alphen,
IJsselmonde,
Oost-Barendrecht,
West-Barendrecht,
Kralingen,
Vliet,
Nissewaard,http://commons.wikimedia.org/wiki/Special:FilePath/Nissewaard%20gemeentevlag.svg
Hof van Delft,
Vrijenban,
Krimpenerwaard,http://commons.wikimedia.org/wiki/Special:FilePath/Gemeentevlag%20Krimpenerwaard.svg
Stein,
Kethel en Spaland,
Ouddorp,
Goedereede,http://commons.wikimedia.org/wiki/Special:FilePath/Goedereede%20vlag.svg
Voorburg,http://commons.wikimedia.org/wiki/Special:FilePath/Flag%20of%20Voorburg%20%282nd%29.svg
Heinenoord,
Papekop,
De Lier,
Heerjansdam,http://commons.wikimedia.org/wiki/Special:FilePath/Heerjansdam%20vlag.svg
Arkel,
Monster,
Aarlanderveen,
Pernis,
Hagestein,
Nootdorp,
Naaldwijk,http://commons.wikimedia.org/wiki/Special:FilePath/Naaldwijk%20vlag.svg
Valkenburg,
Zuidbroek,
Bergambacht,http://commons.wikimedia.org/wiki/Special:FilePath/Flag%20of%20Bergambacht.svg
Ammerstol,
Giessendam,
Middelharnis,http://commons.wikimedia.org/wiki/Special:FilePath/Middelharnis%20vlag.svg
Abbenbroek,
Langerak,
Heenvliet,
Nieuwveen,http://commons.wikimedia.org/wiki/Special:FilePath/Nieuwveen%20vlag%201968.svg
Molenlanden,
Hodenpijl,
Tienhoven,
Rockanje,http://commons.wikimedia.org/wiki/Special:FilePath/Rockanje%20vlag.svg
Lexmond,
Woubrugge,
Pijnacker,
Hoeksche Waard,http://commons.wikimedia.org/wiki/Special:FilePath/Flag%20of%20Hoeksche%20Waard.svg
Hoogeveen,
Hoogeveen,
Moerhuizen,
Rijneveld,
Oost- en West-Barendrecht,
Nieuwland,
Koudekerk,
Wateringen,http://commons.wikimedia.org/wiki/Special:FilePath/Wateringen%20vlag.svg
Middelburg,
Boskoop,http://commons.wikimedia.org/wiki/Special:FilePath/Flag%20of%20Boskoop.svg
Voorne aan Zee,
Appingedam,http://commons.wikimedia.org/wiki/Special:FilePath/Flag%20of%20Appingedam.svg
Noordoostpolder,http://commons.wikimedia.org/wiki/Special:FilePath/Noordoostpolder%20vlag.svg
Veendam,http://commons.wikimedia.org/wiki/Special:FilePath/Veendam%20vlag.svg
Hoogezand-Sappemeer,http://commons.wikimedia.org/wiki/Special:FilePath/Hoogezand-Sappemeer%20vlag.svg
Stadskanaal,http://commons.wikimedia.org/wiki/Special:FilePath/Flag%20of%20Stadskanaal.svg
Almere,http://commons.wikimedia.org/wiki/Special:FilePath/Almere%20vlag.svg
Lelystad,http://commons.wikimedia.org/wiki/Special:FilePath/Flag%20of%20Lelystad.svg
Zeewolde,http://commons.wikimedia.org/wiki/Special:FilePath/Flag%20of%20Zeewolde.svg
Zuidhorn,http://commons.wikimedia.org/wiki/Special:FilePath/Zuidhorn%20vlag.svg
Urk,http://commons.wikimedia.org/wiki/Special:FilePath/Urker%20vlag%20met%20schelvis%2025-12-2016.svg
Dronten,http://commons.wikimedia.org/wiki/Special:FilePath/Flag%20of%20Dronten.svg
Kleverskerke,
Eversdijk,
Wemeldinge,http://commons.wikimedia.org/wiki/Special:FilePath/Flag%20of%20Wemeldinge.svg
Oudelande,http://commons.wikimedia.org/wiki/Special:FilePath/Flag%20of%20Oudelande.svg
Kats,
Westkerke,
's-Gravenhoek,
Sint Kruis,
Bommenede,
Borssele,http://commons.wikimedia.org/wiki/Special:FilePath/Flag%20of%20Borssele.svg
Buttinge en Zandvoort,
Capelle en Botland,
Domburg-Binnen,
Domburg-Buiten,
Ellemeet,
Ellewoutsdijk,
Kattendijke,
Hoogelande,
Kortgene,http://commons.wikimedia.org/wiki/Special:FilePath/Flag%20of%20Kortgene.svg
Waterlandkerkje,http://commons.wikimedia.org/wiki/Special:FilePath/Flag%20of%20Waterlandkerkje.svg
Stoppeldijk,http://commons.wikimedia.org/wiki/Special:FilePath/Stoppeldijk%20vlag.svg
Rengerskerke en Zuidland,
Rilland en Bath,
Westkapelle-Binnen,
Nieuwvliet,
Sint Jansteen,
Domburg,
Westkapelle,http://commons.wikimedia.org/wiki/Special:FilePath/Westkapelle%20vlag.png
Hoedekenskerke,
Breskens,
Schoondijke,
Sint Philipsland,http://commons.wikimedia.org/wiki/Special:FilePath/Sint%20Philipsland%20vlag.svg
Vogelwaarde,
Renesse,
Bruinisse,http://commons.wikimedia.org/wiki/Special:FilePath/Bruinisse%20vlag.svg
Brigdamme,
Sint Laurens,
Retranchement,http://commons.wikimedia.org/wiki/Special:FilePath/Retranchement%20vlag.svg
Dreischor,http://commons.wikimedia.org/wiki/Special:FilePath/Flag%20of%20Dreischor.svg
Haamstede,
's-Gravenpolder,
's-Heer Abtskerke,http://commons.wikimedia.org/wiki/Special:FilePath/Flag%20of%20%27s-Heer%20Abtskerke.svg
's-Heer Hendrikskinderen,
's-Heer Arendskerke,
's-Heerenhoek,
Baarland,http://commons.wikimedia.org/wiki/Special:FilePath/Baarland%20vlag.svg
Nieuw- en Sint Joosland,http://commons.wikimedia.org/wiki/Special:FilePath/Nieuw-%20en%20Sint%20Joosland%20vlag%201938.svg
Oud-Vossemeer,http://commons.wikimedia.org/wiki/Special:FilePath/Oud-Vossemeer%20vlag.svg
Hoofdplaat,
Heinkenszand,
Ouwerkerk,
Sint-Maartensdijk,http://commons.wikimedia.org/wiki/Special:FilePath/Sint-Maartensdijk%20vlag.svg
Cadzand,
Aagtekerke,
Arnemuiden,
Ritthem,
Wissenkerke,http://commons.wikimedia.org/wiki/Special:FilePath/Wissenkerke%20vlag.svg
Serooskerke,
Serooskerke,
Noordwelle,
Nisse,http://commons.wikimedia.org/wiki/Special:FilePath/Flag%20of%20Nisse.svg
Kloetinge,http://commons.wikimedia.org/wiki/Special:FilePath/Kloetinge%20vlag.svg
Kerkwerve,
West-Souburg,
Westenschouwen,
Burgh,
Grijpskerke,
Krabbendijke,http://commons.wikimedia.org/wiki/Special:FilePath/Krabbendijke%20vlag.svg
Kruiningen,http://commons.wikimedia.org/wiki/Special:FilePath/Flag%20of%20Kruiningen.svg
Waarde,http://commons.wikimedia.org/wiki/Special:FilePath/Waarde%20vlag.svg
Yerseke,
Driewegen,
Oosterland,
Westdorpe,http://commons.wikimedia.org/wiki/Special:FilePath/Westdorpe%20vlag.svg
Scherpenisse,http://commons.wikimedia.org/wiki/Special:FilePath/Flag%20of%20Scherpenisse.svg
Biervliet,http://commons.wikimedia.org/wiki/Special:FilePath/Flag%20of%20Biervliet.svg
Hengstdijk,http://commons.wikimedia.org/wiki/Special:FilePath/Hengstdijk%20vlag.svg
Biggekerke,
Overslag,http://commons.wikimedia.org/wiki/Special:FilePath/Overslag%20vlag.svg
Poortvliet,http://commons.wikimedia.org/wiki/Special:FilePath/Poortvliet%20vlag.svg
Philippine,
Ovezande,http://commons.wikimedia.org/wiki/Special:FilePath/Ovezande%20vlag.svg
Nieuwerkerk,
Hoek,
Vrouwenpolder,
Zoutelande,
Looperskapelle,
Westkapelle-Buiten en Sirpoppekerke,
Graauw en Langendam,
Castricum,http://commons.wikimedia.org/wiki/Special:FilePath/Castricum%20vlag.svg
Den Helder,http://commons.wikimedia.org/wiki/Special:FilePath/Flag%20of%20Den%20Helder.svg
Diemen,http://commons.wikimedia.org/wiki/Special:FilePath/Flag%20of%20Diemen%20%28municipality%29.svg
Drechterland,http://commons.wikimedia.org/wiki/Special:FilePath/Drechterland%20vlag.svg
Edam-Volendam,http://commons.wikimedia.org/wiki/Special:FilePath/Gemeente%20edam-volendam%20vlag.svg
Enkhuizen,http://commons.wikimedia.org/wiki/Special:FilePath/Enkhuizen%20vlag.svg
Graft-De Rijp,http://commons.wikimedia.org/wiki/Special:FilePath/Graft-De%20Rijp%20vlag.svg
Haarlem,http://commons.wikimedia.org/wiki/Special:FilePath/Flag%20Haarlem.svg
Haarlemmerliede en Spaarnwoude,http://commons.wikimedia.org/wiki/Special:FilePath/Haarlemmerliede%20en%20Spaarnwoude%20vlag.svg
Haarlemmermeer,http://commons.wikimedia.org/wiki/Special:FilePath/Haarlemmermeer%20vlag%202019.svg
Harenkarspel,http://commons.wikimedia.org/wiki/Special:FilePath/Flag%20of%20Harenkarspel.svg
Heemskerk,http://commons.wikimedia.org/wiki/Special:FilePath/Heemskerk%20vlag.svg
Heemstede,http://commons.wikimedia.org/wiki/Special:FilePath/Flag%20of%20Heemstede.svg
Heerhugowaard,http://commons.wikimedia.org/wiki/Special:FilePath/Flag%20of%20Heerhugowaard.svg
Heiloo,http://commons.wikimedia.org/wiki/Special:FilePath/Heiloo%20vlag%202021.svg
Hilversum,http://commons.wikimedia.org/wiki/Special:FilePath/Hilversum%20vlag.svg
Hollands Kroon,http://commons.wikimedia.org/wiki/Special:FilePath/Hollands%20kroon%20vlag.svg
Hoorn,http://commons.wikimedia.org/wiki/Special:FilePath/Flag%20of%20Hoorn.svg
Huizen,http://commons.wikimedia.org/wiki/Special:FilePath/Huizen%20vlag.svg
Koggenland,http://commons.wikimedia.org/wiki/Special:FilePath/Koggenland%20vlag.svg
Landsmeer,http://commons.wikimedia.org/wiki/Special:FilePath/Landsmeer%20vlag.svg
Langedijk,http://commons.wikimedia.org/wiki/Special:FilePath/Langedijk%20vlag.svg
Laren,http://commons.wikimedia.org/wiki/Special:FilePath/Flag%20of%20Laren%2C%20North%20Holland.svg
Medemblik,http://commons.wikimedia.org/wiki/Special:FilePath/Flag%20of%20Medemblik.svg
Oostzaan,http://commons.wikimedia.org/wiki/Special:FilePath/Oostzaan%20vlag.svg
Opmeer,http://commons.wikimedia.org/wiki/Special:FilePath/Opmeer%20vlag.svg
Ouder-Amstel,http://commons.wikimedia.org/wiki/Special:FilePath/Ouder-Amstel%20flag.svg
Schagen,http://commons.wikimedia.org/wiki/Special:FilePath/Flag%20of%20Schagen.svg
Schermer,http://commons.wikimedia.org/wiki/Special:FilePath/Schermer%20vlag.svg
Stede Broec,http://commons.wikimedia.org/wiki/Special:FilePath/Stede-Broec%20vlag.svg
Texel,http://commons.wikimedia.org/wiki/Special:FilePath/Texel%20flag.svg
Uitgeest,http://commons.wikimedia.org/wiki/Special:FilePath/Uitgeest%20vlag.svg
Uithoorn,http://commons.wikimedia.org/wiki/Special:FilePath/Uithoorn%20vlag.svg
Velsen,http://commons.wikimedia.org/wiki/Special:FilePath/Velsen%20vlag.svg
Waterland,http://commons.wikimedia.org/wiki/Special:FilePath/Waterland%20vlag.svg
Weesp,http://commons.wikimedia.org/wiki/Special:FilePath/Weesp%20Netherlands.svg
Wijdemeren,http://commons.wikimedia.org/wiki/Special:FilePath/Wijdemeren%20vlag.svg
Wormerland,http://commons.wikimedia.org/wiki/Special:FilePath/Flag%20of%20Wormerland.svg
Zaanstad,http://commons.wikimedia.org/wiki/Special:FilePath/Flag%20of%20Zaanstad.svg
Zandvoort,http://commons.wikimedia.org/wiki/Special:FilePath/Flag%20of%20Zandvoort.svg
Zeevang,http://commons.wikimedia.org/wiki/Special:FilePath/Zeevang%20vlag.svg
Zijpe,http://commons.wikimedia.org/wiki/Special:FilePath/Zijpe%20vlag.svg
Edam,
Winkel,
Urk,http://commons.wikimedia.org/wiki/Special:FilePath/Urker%20vlag%20met%20schelvis%2025-12-2016.svg
Marken,http://commons.wikimedia.org/wiki/Special:FilePath/Marken%20vlag.svg
Wieringermeer,http://commons.wikimedia.org/wiki/Special:FilePath/Wieringermeer%20vlag.svg
Petten,
Egmond,http://commons.wikimedia.org/wiki/Special:FilePath/Egmond%20vlag.svg
Weesperkarspel,
Bovenkarspel,http://commons.wikimedia.org/wiki/Special:FilePath/Stede-Broec%20vlag.svg
Niedorp,http://commons.wikimedia.org/wiki/Special:FilePath/Niedorp%20vlag%201992.svg
Wervershoof,http://commons.wikimedia.org/wiki/Special:FilePath/Flag%20of%20Wervershoof.svg
Oudorp,
Wester-Koggenland,http://commons.wikimedia.org/wiki/Special:FilePath/Wester-Koggenland%20vlag.png
Nieuwe Niedorp,
Zuidschalkwijk,
Callantsoog,http://commons.wikimedia.org/wiki/Special:FilePath/Flag%20of%20Callantsoog.svg
Buiksloot,
Noorder-Koggenland,http://commons.wikimedia.org/wiki/Special:FilePath/Flag%20of%20Noorder-Koggenland.svg
Assendelft,
Nederhorst den Berg,http://commons.wikimedia.org/wiki/Special:FilePath/Nederhorst%20den%20Berg%20vlag.svg
Katwoude,
Watergraafsmeer,
Ursem,
Berkenrode,
Houtrijk en Polanen,
De Rijp,http://commons.wikimedia.org/wiki/Special:FilePath/Flag%20of%20De%20Rijp.gif
Graft,http://commons.wikimedia.org/wiki/Special:FilePath/Graft%20vlag.svg
Nieuwer-Amstel,http://commons.wikimedia.org/wiki/Special:FilePath/Amstelveen%20flag.svg
Warder,
Nieuwendam,
Schellingwoude,
Berkhout,
Barsingerhorn,
Sint Pancras,
Wimmenum,
Spanbroek,
Warmenhuizen,http://commons.wikimedia.org/wiki/Special:FilePath/Warmenhuizen%20vlag%201973.svg
Kortenhoef,
Ankeveen,
Avenhorn,
Spaarnwoude,
Scharwoude,
Wijk aan Zee en Duin,
Grosthuizen,
Oudkarspel,
Wieringerwaard,
Broek op Langedijk,
Sint Maarten,
Schoten,
Ransdorp,
Oterleek,
Wijdewormer,http://commons.wikimedia.org/wiki/Special:FilePath/Wijdewormer%20vlag.svg
Schellinkhout,
Bijlmermeer,
Venhuizen,http://commons.wikimedia.org/wiki/Special:FilePath/Venhuizen%20vlag.svg
Venhuizen,http://commons.wikimedia.org/wiki/Special:FilePath/Venhuizen%20vlag2.svg
Oude Niedorp,
's-Gravendeel,http://commons.wikimedia.org/wiki/Special:FilePath/Flag%20of%20%27s-Gravendeel.svg
Wageningen,http://commons.wikimedia.org/wiki/Special:FilePath/Wageningen%20flag.svg
Arnhem,http://commons.wikimedia.org/wiki/Special:FilePath/VlagArnhem.svg
Ede,http://commons.wikimedia.org/wiki/Special:FilePath/Flag%20of%20Ede.svg
Berkelland,http://commons.wikimedia.org/wiki/Special:FilePath/Flag%20of%20Berkelland.svg
Nijmegen,http://commons.wikimedia.org/wiki/Special:FilePath/Flag%20of%20Nijmegen.svg
Hattem,http://commons.wikimedia.org/wiki/Special:FilePath/Hattem%20vlag.svg
Harderwijk,http://commons.wikimedia.org/wiki/Special:FilePath/Flag%20of%20Harderwijk.svg
Winterswijk,http://commons.wikimedia.org/wiki/Special:FilePath/Flag%20of%20Winterswijk.svg
Wijchen,http://commons.wikimedia.org/wiki/Special:FilePath/Flag%20of%20Wijchen.svg
Groenlo,http://commons.wikimedia.org/wiki/Special:FilePath/Groenlo%20vlag.svg
Buren,http://commons.wikimedia.org/wiki/Special:FilePath/Flag%20of%20Buren.svg
Dieren,
Deil,
Tiel,http://commons.wikimedia.org/wiki/Special:FilePath/Flag%20of%20Tiel.svg
Nijkerk,http://commons.wikimedia.org/wiki/Special:FilePath/Nijkerk%20vlag.svg
Apeldoorn,http://commons.wikimedia.org/wiki/Special:FilePath/Apeldoorn%20vlag.svg
Elst,http://commons.wikimedia.org/wiki/Special:FilePath/Flag%20of%20Elst%2C%20Gelderland.svg
Doetinchem,http://commons.wikimedia.org/wiki/Special:FilePath/Flag%20of%20Doetinchem.svg
Barneveld,http://commons.wikimedia.org/wiki/Special:FilePath/Barneveld%20vlag.svg
Elburg,http://commons.wikimedia.org/wiki/Special:FilePath/Elburg%20vlag.svg
Doesburg,http://commons.wikimedia.org/wiki/Special:FilePath/Flag%20of%20Doesburg.svg
Gorssel,http://commons.wikimedia.org/wiki/Special:FilePath/Gorssel%20vlag.svg
Geesteren,
Geldermalsen,http://commons.wikimedia.org/wiki/Special:FilePath/Flag%20of%20Geldermalsen.svg
Zevenaar,http://commons.wikimedia.org/wiki/Special:FilePath/Flag%20of%20Zevenaar.svg
Epe,http://commons.wikimedia.org/wiki/Special:FilePath/Flag%20of%20Epe.svg
Etten,
Aalten,http://commons.wikimedia.org/wiki/Special:FilePath/Flag%20of%20Aalten.svg
Steenderen,http://commons.wikimedia.org/wiki/Special:FilePath/Steenderen%20vlag.svg
Herwen en Aerdt,
Ubbergen,http://commons.wikimedia.org/wiki/Special:FilePath/Flag%20of%20Ubbergen.svg
Rozendaal,http://commons.wikimedia.org/wiki/Special:FilePath/Rozendaal%20vlag.svg
Voorst,http://commons.wikimedia.org/wiki/Special:FilePath/Flag%20of%20Voorst.svg
Rijnwaarden,http://commons.wikimedia.org/wiki/Special:FilePath/Flag%20of%20Rijnwaarden.svg
Westervoort,http://commons.wikimedia.org/wiki/Special:FilePath/Flag%20of%20Westervoort.svg
Wamel,
Overbetuwe,http://commons.wikimedia.org/wiki/Special:FilePath/Flag%20of%20Overbetuwe.svg
Duiven,http://commons.wikimedia.org/wiki/Special:FilePath/Flag%20of%20Duiven.svg
Heerde,http://commons.wikimedia.org/wiki/Special:FilePath/Flag%20of%20Heerde.svg
West Maas en Waal,http://commons.wikimedia.org/wiki/Special:FilePath/West%20Maas%20en%20Waal-vlag.svg
Lichtenvoorde,http://commons.wikimedia.org/wiki/Special:FilePath/Lichtenvoorde%20vlag.svg
Renkum,http://commons.wikimedia.org/wiki/Special:FilePath/Flag%20of%20Renkum.svg
Bronckhorst,http://commons.wikimedia.org/wiki/Special:FilePath/Bronckhorst%20vlag.svg
Ermelo,http://commons.wikimedia.org/wiki/Special:FilePath/Ermelo%20vlag.svg
Culemborg,http://commons.wikimedia.org/wiki/Special:FilePath/Culemborg%20flag%20correct.svg
Bergh,http://commons.wikimedia.org/wiki/Special:FilePath/Bergh%20vlag.svg
Brummen,http://commons.wikimedia.org/wiki/Special:FilePath/Brummen%20vlag.svg
Rheden,http://commons.wikimedia.org/wiki/Special:FilePath/Flag%20of%20Rheden.svg
Beuningen,http://commons.wikimedia.org/wiki/Special:FilePath/Flag%20of%20Gemeente%20Beuningen%20%28symbol%20variant%29.svg
Maasdriel,http://commons.wikimedia.org/wiki/Special:FilePath/Flag%20of%20Maasdriel.svg
Nunspeet,http://commons.wikimedia.org/wiki/Special:FilePath/Nunspeet%20vlag.svg
Oude IJsselstreek,http://commons.wikimedia.org/wiki/Special:FilePath/Oude%20IJsselstreek%20vlag.svg
Oldebroek,http://commons.wikimedia.org/wiki/Special:FilePath/Oldebroek%20vlag.svg
Lochem,http://commons.wikimedia.org/wiki/Special:FilePath/Flag%20of%20Lochem.svg
Neerijnen,http://commons.wikimedia.org/wiki/Special:FilePath/Neerijnen%20vlag.svg
Druten,http://commons.wikimedia.org/wiki/Special:FilePath/Druten%20vlag.svg
Heumen,http://commons.wikimedia.org/wiki/Special:FilePath/Heumen%20vlag.svg
Weurt,
Putten,http://commons.wikimedia.org/wiki/Special:FilePath/Putten%20vlag.svg
Scherpenzeel,http://commons.wikimedia.org/wiki/Special:FilePath/Flag%20of%20Scherpenzeel.svg
Hummelo,
Puiflijk,
Voorthuizen,http://commons.wikimedia.org/wiki/Special:FilePath/Voorthuizen%20vlag.svg
Lingewaard,http://commons.wikimedia.org/wiki/Special:FilePath/Flag%20of%20Lingewaard.svg
Lingewaal,http://commons.wikimedia.org/wiki/Special:FilePath/Lingewaal%20vlag.svg
Montferland,http://commons.wikimedia.org/wiki/Special:FilePath/Logo%20montferland.svg
Neder-Betuwe,http://commons.wikimedia.org/wiki/Special:FilePath/Neder-Betuwe%20vlag%202014.svg
Ambt Ommen,
Stad Delden,
Ambt Almelo,
Avereest,http://commons.wikimedia.org/wiki/Special:FilePath/Flag%20of%20Avereest%2C%20Netherlands.svg
Ambt Delden,http://commons.wikimedia.org/wiki/Special:FilePath/Ambt%20Delden%20vlag.svg
Ambt Vollenhove,
Ambt Hardenberg,
Weerselo,http://commons.wikimedia.org/wiki/Special:FilePath/Flag%20of%20Weerselo.svg
Lonneker,
Genemuiden,http://commons.wikimedia.org/wiki/Special:FilePath/Genemuiden%20vlag.svg
Wilsum,
Zalk en Veecaten,
Den Ham,http://commons.wikimedia.org/wiki/Special:FilePath/Den%20Ham%20vlag.svg
Stad Vollenhove,
Blankenham,
Stad Ommen,
Wanneperveen,http://commons.wikimedia.org/wiki/Special:FilePath/Wanneperveen%20vlag.svg
Olst,http://commons.wikimedia.org/wiki/Special:FilePath/Olst%20vlag.svg
Holten,http://commons.wikimedia.org/wiki/Special:FilePath/Holten%20vlag.svg
Steenwijkerwold,http://commons.wikimedia.org/wiki/Special:FilePath/Steenwijkerwold%20vlag.svg
Vriezenveen,http://commons.wikimedia.org/wiki/Special:FilePath/Vriezenveen%20vlag.svg
Stad Hardenberg,
Stad Almelo,
Hardenberg,http://commons.wikimedia.org/wiki/Special:FilePath/Flag%20of%20Hardenberg.svg
Denekamp,http://commons.wikimedia.org/wiki/Special:FilePath/Flag%20of%20Dinkelland.svg
Kampen,http://commons.wikimedia.org/wiki/Special:FilePath/Flag%20of%20Kampen.svg
Kamperveen,
Vollenhove,
Wijhe,http://commons.wikimedia.org/wiki/Special:FilePath/Flag%20of%20Wijhe.gif
Kuinre,
IJsselham,
Oldemarkt,
Giethoorn,http://commons.wikimedia.org/wiki/Special:FilePath/Flag%20of%20Giethoorn.svg
Zwolle,http://commons.wikimedia.org/wiki/Special:FilePath/Flag%20of%20Zwolle.svg
Assen,http://commons.wikimedia.org/wiki/Special:FilePath/Flag%20of%20Assen.svg
Almelo,http://commons.wikimedia.org/wiki/Special:FilePath/Almelo%20flag%20outline.svg
Hof van Twente,http://commons.wikimedia.org/wiki/Special:FilePath/Hof%20van%20Twente%20vlag.svg
Borne,http://commons.wikimedia.org/wiki/Special:FilePath/Flag%20of%20Borne%20%28Overijssel%29.svg
Dalfsen,http://commons.wikimedia.org/wiki/Special:FilePath/Flag%20of%20Dalfsen.svg
Dinkelland,http://commons.wikimedia.org/wiki/Special:FilePath/Flag%20of%20Dinkelland.svg
Deventer,http://commons.wikimedia.org/wiki/Special:FilePath/Deventer%20vlag.svg
Enschede,http://commons.wikimedia.org/wiki/Special:FilePath/Flag%20of%20Enschede.svg
Haaksbergen,http://commons.wikimedia.org/wiki/Special:FilePath/Flag%20of%20Haaksbergen.svg
Hellendoorn,http://commons.wikimedia.org/wiki/Special:FilePath/Hellendoorn%20vlag.svg
Hengelo,http://commons.wikimedia.org/wiki/Special:FilePath/Flag%20of%20Hengelo%2C%20Overijssel.svg
Losser,http://commons.wikimedia.org/wiki/Special:FilePath/Flag%20of%20Losser.svg
Oldenzaal,http://commons.wikimedia.org/wiki/Special:FilePath/Flag%20of%20Oldenzaal.svg
Olst-Wijhe,http://commons.wikimedia.org/wiki/Special:FilePath/Olst-Wijhe%20vlag.svg
Ommen,http://commons.wikimedia.org/wiki/Special:FilePath/Flag%20of%20Ommen.svg
Raalte,http://commons.wikimedia.org/wiki/Special:FilePath/Raalte%20vlag.svg
Rijssen-Holten,http://commons.wikimedia.org/wiki/Special:FilePath/Rijssen-Holten%20vlag.svg
Staphorst,http://commons.wikimedia.org/wiki/Special:FilePath/Staphorst%20vlag.svg
Steenwijkerland,http://commons.wikimedia.org/wiki/Special:FilePath/Steenwijkerland%20vlag.svg
Tubbergen,http://commons.wikimedia.org/wiki/Special:FilePath/Tubbergen%20vlag.svg
Twenterand,http://commons.wikimedia.org/wiki/Special:FilePath/Flag%20of%20Twenterand.svg
Wierden,http://commons.wikimedia.org/wiki/Special:FilePath/Wierden%20vlag.svg
Zwartewaterland,http://commons.wikimedia.org/wiki/Special:FilePath/Flag%20of%20Zwartewaterland.svg
Emmen,http://commons.wikimedia.org/wiki/Special:FilePath/Emmen%20vlag.svg
Blokzijl,http://commons.wikimedia.org/wiki/Special:FilePath/Blokzijl%20vlag.svg
Meppel,http://commons.wikimedia.org/wiki/Special:FilePath/Flag%20of%20Meppel.svg
Coevorden,http://commons.wikimedia.org/wiki/Special:FilePath/Flag%20of%20Coevorden.svg
Noordoostpolder,http://commons.wikimedia.org/wiki/Special:FilePath/Noordoostpolder%20vlag.svg
Schokland,
Hasselt,http://commons.wikimedia.org/wiki/Special:FilePath/Hasselt%20%28OV%29%20vlag.svg
Hoogeveen,http://commons.wikimedia.org/wiki/Special:FilePath/Flag%20of%20Hoogeveen.svg
Zweeloo,http://commons.wikimedia.org/wiki/Special:FilePath/Zweeloo%20vlag.svg
Zwollerkerspel,http://commons.wikimedia.org/wiki/Special:FilePath/Flag%20of%20Zwollerkerspel%2C%20Netherlands.svg
Urk,http://commons.wikimedia.org/wiki/Special:FilePath/Urker%20vlag%20met%20schelvis%2025-12-2016.svg
Aa en Hunze,http://commons.wikimedia.org/wiki/Special:FilePath/Flag%20of%20Aa%20en%20Hunze.svg
Nieuwleusen,http://commons.wikimedia.org/wiki/Special:FilePath/Nieuwleusen%20vlag.svg
Vries,http://commons.wikimedia.org/wiki/Special:FilePath/Vries%20vlag.svg
Westerveld,http://commons.wikimedia.org/wiki/Special:FilePath/Westerveld%20gemeentevlag.svg
Vledder,http://commons.wikimedia.org/wiki/Special:FilePath/Flag%20of%20Vledder.gif
Grafhorst,
Noordenveld,http://commons.wikimedia.org/wiki/Special:FilePath/Flag%20of%20Noordenveld.svg
De Wolden,http://commons.wikimedia.org/wiki/Special:FilePath/Flag%20of%20De%20Wolden.svg
Borger-Odoorn,http://commons.wikimedia.org/wiki/Special:FilePath/Borger-Odoorn%20vlag.svg
Midden-Drenthe,http://commons.wikimedia.org/wiki/Special:FilePath/Flag%20of%20Midden-Drenthe.svg
Tynaarlo,http://commons.wikimedia.org/wiki/Special:FilePath/Flag%20of%20Tynaarlo.svg
Markelo,http://commons.wikimedia.org/wiki/Special:FilePath/Flag%20of%20Markelo%2C%20Netherlands.svg
Brederwiede,
Norg,http://commons.wikimedia.org/wiki/Special:FilePath/Norg%20vlag.svg
Ruinen,http://commons.wikimedia.org/wiki/Special:FilePath/Ruinen%20vlag.svg
IJsselmuiden,http://commons.wikimedia.org/wiki/Special:FilePath/Ijsselmuiden%20vlag%201938.svg
IJsselmuiden,http://commons.wikimedia.org/wiki/Special:FilePath/Ijsselmuiden%20vlag%201994.svg
Havelte,http://commons.wikimedia.org/wiki/Special:FilePath/Flag%20of%20Havelte.gif
Dalen,http://commons.wikimedia.org/wiki/Special:FilePath/Dalen%20vlag.svg
Peize,http://commons.wikimedia.org/wiki/Special:FilePath/Peize%20vlag.svg
Schoonebeek,http://commons.wikimedia.org/wiki/Special:FilePath/Schoonebeek%20Flag.svg
Gasselte,http://commons.wikimedia.org/wiki/Special:FilePath/Gasselte%20vlag.svg
Beilen,http://commons.wikimedia.org/wiki/Special:FilePath/Flag%20beilen.gif
Smilde,http://commons.wikimedia.org/wiki/Special:FilePath/Smilde%20vlag.svg
Rolde,http://commons.wikimedia.org/wiki/Special:FilePath/Rolde%20vlag.svg
Borger,http://commons.wikimedia.org/wiki/Special:FilePath/Borger%20vlag.svg
Diever,http://commons.wikimedia.org/wiki/Special:FilePath/Flag%20of%20Diever.gif
Odoorn,http://commons.wikimedia.org/wiki/Special:FilePath/Odoorn%20vlag.svg
Gieten,http://commons.wikimedia.org/wiki/Special:FilePath/Gieten%20vlag.svg
Nijeveen,http://commons.wikimedia.org/wiki/Special:FilePath/Nijeveen%20vlag.svg
Hindeloopen,
Stavoren,
Dokkum,http://commons.wikimedia.org/wiki/Special:FilePath/Flag%20of%20Dokkum.svg
Workum,http://commons.wikimedia.org/wiki/Special:FilePath/Flag%20of%20Workum.svg
Franeker,http://commons.wikimedia.org/wiki/Special:FilePath/Flag%20of%20Franeker.svg
Anloo,http://commons.wikimedia.org/wiki/Special:FilePath/Anloo%20vlag.svg
Sleen,
Oosterhesselen,
Eelde,http://commons.wikimedia.org/wiki/Special:FilePath/Eelde%20vlag.svg
Westerbork,
Middenveld,
De Wijk,http://commons.wikimedia.org/wiki/Special:FilePath/De%20Wijk%20vlag.svg
Wonseradeel,http://commons.wikimedia.org/wiki/Special:FilePath/Flag%20of%20Wonseradeel.svg
Witmarsum,http://commons.wikimedia.org/wiki/Special:FilePath/Wytmarsum%20vlag.svg
Wommels,http://commons.wikimedia.org/wiki/Special:FilePath/Wommels%20vlag.svg
Drachten,http://commons.wikimedia.org/wiki/Special:FilePath/Drachten%20vlag.svg
Buitenpost,http://commons.wikimedia.org/wiki/Special:FilePath/Buitenpost%20vlag.svg
Terschelling,http://commons.wikimedia.org/wiki/Special:FilePath/Flag%20of%20Terschelling.svg
Vlieland,http://commons.wikimedia.org/wiki/Special:FilePath/Flag%20of%20Vlieland.svg
Schiermonnikoog,http://commons.wikimedia.org/wiki/Special:FilePath/Flag%20of%20Schiermonnikoog.svg
Ameland,http://commons.wikimedia.org/wiki/Special:FilePath/Flag%20of%20Ameland.svg
Skarsterlân,http://commons.wikimedia.org/wiki/Special:FilePath/Skarsterlan%20flag.svg
Ooststellingwerf,http://commons.wikimedia.org/wiki/Special:FilePath/Ooststellingwerf%20flag.svg
Bolsward,http://commons.wikimedia.org/wiki/Special:FilePath/Bolsward%20flag.svg
Achtkarspelen,http://commons.wikimedia.org/wiki/Special:FilePath/Flag%20of%20Achtkarspelen.svg
Dantumadeel,http://commons.wikimedia.org/wiki/Special:FilePath/Flag%20of%20Dantumadeel.svg
Menaldumadeel,http://commons.wikimedia.org/wiki/Special:FilePath/Menaldumadeel%20flag.svg
Makkum,http://commons.wikimedia.org/wiki/Special:FilePath/Flag%20of%20Makkum.svg
Wonseradeel,http://commons.wikimedia.org/wiki/Special:FilePath/Flag%20of%20Wonseradeel.svg
Staveren,http://commons.wikimedia.org/wiki/Special:FilePath/Flag%20of%20Staveren.svg
Smallingerland,http://commons.wikimedia.org/wiki/Special:FilePath/Smallingerland%20flag.svg
Heerenveen,http://commons.wikimedia.org/wiki/Special:FilePath/Heerenveen%20flag.svg
Baarderadeel,http://commons.wikimedia.org/wiki/Special:FilePath/Flag%20of%20Baarderadeel.svg
Nijefurd,http://commons.wikimedia.org/wiki/Special:FilePath/Nijefurd%20flag.svg
Franekeradeel,http://commons.wikimedia.org/wiki/Special:FilePath/Franekeradeel%20flag.svg
Ferwerderadiel,http://commons.wikimedia.org/wiki/Special:FilePath/Flag%20of%20Ferwerderadiel.svg
Weststellingwerf,http://commons.wikimedia.org/wiki/Special:FilePath/Weststellingwerf%20flag.svg
Leeuwarderadeel,http://commons.wikimedia.org/wiki/Special:FilePath/Flag%20of%20Leeuwarderadeel.svg
Lemsterland,http://commons.wikimedia.org/wiki/Special:FilePath/Flag%20of%20Lemsterland.svg
Opsterland,http://commons.wikimedia.org/wiki/Special:FilePath/Flag%20of%20Opsterland.svg
Tytsjerksteradiel,http://commons.wikimedia.org/wiki/Special:FilePath/Tytsjerksteradiel%20flag.svg
Boornsterhim,http://commons.wikimedia.org/wiki/Special:FilePath/Flag%20of%20Boarnsterhim.svg
Wymbritseradiel,http://commons.wikimedia.org/wiki/Special:FilePath/Wymbritseradiel%20flag.svg
Gaasterland-Sloten,http://commons.wikimedia.org/wiki/Special:FilePath/Gaasterlan-Sleat%20flag.svg
het Bildt,http://commons.wikimedia.org/wiki/Special:FilePath/Flag%20of%20Het%20Bildt.svg
Dongeradeel,http://commons.wikimedia.org/wiki/Special:FilePath/Flag%20of%20Dongeradeel.svg
Littenseradiel,http://commons.wikimedia.org/wiki/Special:FilePath/Littenseradiel%20flag.svg
Surhuizum,http://commons.wikimedia.org/wiki/Special:FilePath/Surhuzum%20vlag.svg
Sexbierum,
Bergum,http://commons.wikimedia.org/wiki/Special:FilePath/Bergum%20vlag.svg
Heeg,http://commons.wikimedia.org/wiki/Special:FilePath/Heech%20vlag.svg
Woudsend,http://commons.wikimedia.org/wiki/Special:FilePath/Woudsend%20vlag.svg
Hardegarijp,http://commons.wikimedia.org/wiki/Special:FilePath/Hardegarijp%20vlag.svg
Súdwest-Fryslân,http://commons.wikimedia.org/wiki/Special:FilePath/S%C3%BAdwest-Frysl%C3%A2n%20vlag.svg
Grou,http://commons.wikimedia.org/wiki/Special:FilePath/Grou%20vlag.svg
Gaasterland,http://commons.wikimedia.org/wiki/Special:FilePath/Gaasterl%C3%A2n%20vlag%201963.svg
Rinsumageest,http://commons.wikimedia.org/wiki/Special:FilePath/Rinsumageast%20vlag.svg
Hemelumer Oldeferd,http://commons.wikimedia.org/wiki/Special:FilePath/Flag%20of%20Hemelumer%20Oldeferd.svg
Haskerland,http://commons.wikimedia.org/wiki/Special:FilePath/Haskerl%C3%A2n%20vlag.svg
Wymbritseradeel,
Sneek,http://commons.wikimedia.org/wiki/Special:FilePath/Flag%20of%20Sneek.svg
Wirdum,http://commons.wikimedia.org/wiki/Special:FilePath/Wurdum%20vlag.svg
Westdongeradeel,http://commons.wikimedia.org/wiki/Special:FilePath/Flagge%20fan%20Westdongeradiel.png
Augustinusga,http://commons.wikimedia.org/wiki/Special:FilePath/Augustinusga%20flag.svg
Doniawerstal,http://commons.wikimedia.org/wiki/Special:FilePath/Flag%20of%20Doniawerstal.svg
Gorredijk,http://commons.wikimedia.org/wiki/Special:FilePath/Gorredijk%20vlag.svg
De Friese Meren,http://commons.wikimedia.org/wiki/Special:FilePath/De%20Friese%20Meren%20vlag.svg
Almenum,
Aengwirden,
Koudum,http://commons.wikimedia.org/wiki/Special:FilePath/Koudum%20flag.svg
Hennaarderadeel,http://commons.wikimedia.org/wiki/Special:FilePath/Hinnaarderadiel%20vlag.svg
Mildam,http://commons.wikimedia.org/wiki/Special:FilePath/Mildam%20vlag.svg
Utingeradeel,http://commons.wikimedia.org/wiki/Special:FilePath/Utingeradeel%20vlag.gif
Utingeradeel,http://commons.wikimedia.org/wiki/Special:FilePath/Utingeradiel%20vlag.svg
Leeuwarden,http://commons.wikimedia.org/wiki/Special:FilePath/Leeuwarden%20vlag%202014.svg
Joure,http://commons.wikimedia.org/wiki/Special:FilePath/De%20Jouwer%20vlag.svg
Ureterp,http://commons.wikimedia.org/wiki/Special:FilePath/Oerterp%20vlag.svg
Rauwerderhem,http://commons.wikimedia.org/wiki/Special:FilePath/Rauwerderhem%20vlag.svg
Sonnega,
Arum,http://commons.wikimedia.org/wiki/Special:FilePath/Arum%20vlag.svg
Harlingen,http://commons.wikimedia.org/wiki/Special:FilePath/Harlingen%20flag.svg
Tjalleberd,
Marsum,
Barradeel,http://commons.wikimedia.org/wiki/Special:FilePath/Flag%20of%20Barradeel.svg
Minnertsga,http://commons.wikimedia.org/wiki/Special:FilePath/Minnertsgea%20vlag.svg
Tjerkwerd,http://commons.wikimedia.org/wiki/Special:FilePath/Tsjerkwerd%20vlag.svg
Noordwolde,
Beetsterzwaag,http://commons.wikimedia.org/wiki/Special:FilePath/Beetsterzwaag%20vlag.svg
Oosterwolde,
Langezwaag,http://commons.wikimedia.org/wiki/Special:FilePath/Langsweagen%20vlag.svg
Nijland,http://commons.wikimedia.org/wiki/Special:FilePath/Nijland%20vlag.svg
Dantumawoude,http://commons.wikimedia.org/wiki/Special:FilePath/Dantumawoude%20vlag.svg
Sint Annaparochie,http://commons.wikimedia.org/wiki/Special:FilePath/Sint-Anne%20vlag.svg
IJlst,
Oostdongeradeel,
Veenwouden,http://commons.wikimedia.org/wiki/Special:FilePath/Veenwouden%20vlag.svg
Rauwerd,http://commons.wikimedia.org/wiki/Special:FilePath/Raerd%20vlag.svg
Schoterland,
Oenkerk,http://commons.wikimedia.org/wiki/Special:FilePath/Oentsjerk%20vlag.svg
Idaarderadeel,http://commons.wikimedia.org/wiki/Special:FilePath/Idaerderadiel%20vlag.svg
Tjum,
Noordbroek,
Zuidbroek,
Baflo,
't Zandt,
Kloosterburen,http://commons.wikimedia.org/wiki/Special:FilePath/Kloosterburen%20vlag.svg
Finsterwolde,http://commons.wikimedia.org/wiki/Special:FilePath/Finsterwolde%20vlag.svg
Hoogezand,http://commons.wikimedia.org/wiki/Special:FilePath/Hoogezand%20vlag.svg
Adorp,
Aduard,
Beerta,http://commons.wikimedia.org/wiki/Special:FilePath/Beerta%20vlag%20Vexilla%20Nostra%201983.svg
Grijpskerk,
Harkstede,
Nieuweschans,
Eemsdelta,http://commons.wikimedia.org/wiki/Special:FilePath/Vlag%20Eemsdelta.jpg
Utrecht,http://commons.wikimedia.org/wiki/Special:FilePath/Flag%20of%20Utrecht%20city.svg
Amersfoort,http://commons.wikimedia.org/wiki/Special:FilePath/Amersfoort%20flag%20outline.svg
Veenendaal,http://commons.wikimedia.org/wiki/Special:FilePath/Veenendaal%20Netherlands%20flag.svg
Woerden,http://commons.wikimedia.org/wiki/Special:FilePath/Woerden%20vlag%202017.svg
Baarn,http://commons.wikimedia.org/wiki/Special:FilePath/Baarn%20flag.svg
Bunnik,http://commons.wikimedia.org/wiki/Special:FilePath/Flag%20of%20Bunnik.svg
Bunschoten,http://commons.wikimedia.org/wiki/Special:FilePath/Bunschoten%20vlag.svg
De Bilt,http://commons.wikimedia.org/wiki/Special:FilePath/Vlag%20de%20Bilt.svg
De Ronde Venen,http://commons.wikimedia.org/wiki/Special:FilePath/De%20ronde%20venen%20vlag.svg
Eemnes,http://commons.wikimedia.org/wiki/Special:FilePath/Eemnes%20vlag.svg
Renswoude,http://commons.wikimedia.org/wiki/Special:FilePath/Flag%20of%20Renswoude.svg
Rhenen,http://commons.wikimedia.org/wiki/Special:FilePath/Flag%20of%20Rhenen.svg
Soest,http://commons.wikimedia.org/wiki/Special:FilePath/Soest%20flag.svg
Stichtse Vecht,http://commons.wikimedia.org/wiki/Special:FilePath/Stichtse%20Vecht%20vlag.svg
Utrechtse Heuvelrug,http://commons.wikimedia.org/wiki/Special:FilePath/Utrechtse%20Heuvelrug%20vlag.svg
Houten,http://commons.wikimedia.org/wiki/Special:FilePath/Flag%20of%20Houten.svg
IJsselstein,http://commons.wikimedia.org/wiki/Special:FilePath/Flag%20of%20IJsselstein.svg
Leusden,http://commons.wikimedia.org/wiki/Special:FilePath/Flag%20of%20Leusden.svg
Lopik,http://commons.wikimedia.org/wiki/Special:FilePath/Lopik%20vlag.svg
Montfoort,http://commons.wikimedia.org/wiki/Special:FilePath/Montfoort%20vlag.svg
Nieuwegein,http://commons.wikimedia.org/wiki/Special:FilePath/Nieuwegein%20flag.svg
Oudewater,http://commons.wikimedia.org/wiki/Special:FilePath/Flag%20of%20Oudewater.svg
Vianen,http://commons.wikimedia.org/wiki/Special:FilePath/Vianen%20vlag.svg
Wijk bij Duurstede,http://commons.wikimedia.org/wiki/Special:FilePath/Wijk%20bij%20Duurstede%20vlag.svg
Woudenberg,http://commons.wikimedia.org/wiki/Special:FilePath/Flag%20of%20Woudenberg.svg
Zeist,http://commons.wikimedia.org/wiki/Special:FilePath/Flag%20of%20Zeist.svg
Vreeland,
Loosdrecht,http://commons.wikimedia.org/wiki/Special:FilePath/Loosdrecht%20vlag.svg
Abcoude,http://commons.wikimedia.org/wiki/Special:FilePath/Abcoude%20vlag.svg
Baambrugge,
Breukelen,http://commons.wikimedia.org/wiki/Special:FilePath/Flag%20of%20Breukelen.svg
Oudenrijn,
Mijdrecht,http://commons.wikimedia.org/wiki/Special:FilePath/Mijdrecht%20vlag%201963.svg
Breukelen-Sint Pieters,
Polsbroek,
Vleuten,
Jaarsveld,
Loenen,http://commons.wikimedia.org/wiki/Special:FilePath/Flag%20of%20Loenen.PNG
Vinkeveen en Waverveen,http://commons.wikimedia.org/wiki/Special:FilePath/Vinkeveen%20vlag%201973.svg
Vleuten-De Meern,http://commons.wikimedia.org/wiki/Special:FilePath/Vleuten-De%20Meern%20vlag.svg
Amerongen,http://commons.wikimedia.org/wiki/Special:FilePath/Vlag%20Amerongen.jpg
Maarn,http://commons.wikimedia.org/wiki/Special:FilePath/Maarn%20vlag.svg
Achttienhoven,
Jutphaas,http://commons.wikimedia.org/wiki/Special:FilePath/Flag%20of%20Jutphaas.svg
Darthuizen,
Indijk,
Achthoven,
Odijk,
Tull en 't Waal,
Zuilen,
Oudhuizen,
Hoenkoop,
Abcoude-Proostdij,
Snelrewaard,http://commons.wikimedia.org/wiki/Special:FilePath/Snelrewaard%20vlag.svg
Loenersloot,
Willeskop,
Oud-Wulven,
Wilnis,http://commons.wikimedia.org/wiki/Special:FilePath/Flag%20of%20Wilnis.svg
Cabauw,
Waverveen,
Breukelen-Nijenrode,
Ruwiel,
Abcoude-Baambrugge,
Vreeswijk,http://commons.wikimedia.org/wiki/Special:FilePath/Flag%20of%20Vreeswijk.svg
Maarsseveen,
Linschoten,http://commons.wikimedia.org/wiki/Special:FilePath/Flag%20of%20Linschoten.svg
Rijsenburg,
De Vuursche,
Werkhoven,
Abstede,
Vinkeveen,
Laagnieuwkoop,
Schalkwijk,
Noord-Polsbroek,
Duist,
Teckop,
Haarzuilens,
's-Gravesloot,
Sterkenburg,
Wulverhorst,
Cothen,
Stoutenburg,
Catharijne,
Langbroek,
Zegveld,http://commons.wikimedia.org/wiki/Special:FilePath/Zegveld%20vlag.svg
Nigtevecht,
Kamerik-Houtdijken,
Maarssenbroek,
Portengen,
Zevender,
Stichts Loenen,
Zuid-Polsbroek,
Kamerik-Mijzijde,
Veldhuizen,
Hoogland,
Leersum,http://commons.wikimedia.org/wiki/Special:FilePath/Flag%20of%20Leersum.svg
Vijfheerenlanden,http://commons.wikimedia.org/wiki/Special:FilePath/Flag%20of%20Vijfheerenlanden.svg
Kamerik,http://commons.wikimedia.org/wiki/Special:FilePath/Kamerik%20vlag.svg
Tienhoven,
Benschop,http://commons.wikimedia.org/wiki/Special:FilePath/Benschop%20vlag.svg
Maastricht,http://commons.wikimedia.org/wiki/Special:FilePath/Flag%20of%20Maastricht.svg
Eijsden-Margraten,http://commons.wikimedia.org/wiki/Special:FilePath/Eijsden-Margraten%20vlag.svg
Gulpen-Wittem,http://commons.wikimedia.org/wiki/Special:FilePath/Gulpen-Wittem%20flag.svg
Vaals,http://commons.wikimedia.org/wiki/Special:FilePath/Vaals%20vlag.svg
Simpelveld,http://commons.wikimedia.org/wiki/Special:FilePath/Simpelveld%20vlag.svg
Voerendaal,http://commons.wikimedia.org/wiki/Special:FilePath/Voerendaal%20vlag.svg
Valkenburg aan de Geul,http://commons.wikimedia.org/wiki/Special:FilePath/Valkenburg%20ad%20Geul%20vlag.svg
Meerssen,http://commons.wikimedia.org/wiki/Special:FilePath/Meerssen%20vlag.svg
Weert,http://commons.wikimedia.org/wiki/Special:FilePath/Flag%20of%20Weert.svg
Venray,http://commons.wikimedia.org/wiki/Special:FilePath/Venray%20vlag.svg
Venlo,http://commons.wikimedia.org/wiki/Special:FilePath/Venlo%20vlag.svg
Stein,http://commons.wikimedia.org/wiki/Special:FilePath/Flag%20of%20Stein.svg
Sittard-Geleen,http://commons.wikimedia.org/wiki/Special:FilePath/Sittard-Geleen%20Vlag.svg
Schinnen,http://commons.wikimedia.org/wiki/Special:FilePath/Schinnen%20vlag.svg
Roerdalen,http://commons.wikimedia.org/wiki/Special:FilePath/Flag%20of%20Roerdalen.svg
Peel en Maas,http://commons.wikimedia.org/wiki/Special:FilePath/Peel%20en%20Maas%20vlag.svg
Onderbanken,http://commons.wikimedia.org/wiki/Special:FilePath/Onderbanken%20vlag.svg
Nuth,http://commons.wikimedia.org/wiki/Special:FilePath/Nuth%20vlag.svg
Nederweert,http://commons.wikimedia.org/wiki/Special:FilePath/Nederweert%20flag.svg
Mook en Middelaar,http://commons.wikimedia.org/wiki/Special:FilePath/Mook%20en%20Middelaar%20vlag.svg
Maasgouw,http://commons.wikimedia.org/wiki/Special:FilePath/Maasgouw%20vlag.svg
Leudal,http://commons.wikimedia.org/wiki/Special:FilePath/Leudal%20vlag.svg
Landgraaf,http://commons.wikimedia.org/wiki/Special:FilePath/Flag%20of%20Landgraaf.svg
Kerkrade,http://commons.wikimedia.org/wiki/Special:FilePath/Flag%20of%20Kerkrade.svg
Horst aan de Maas,http://commons.wikimedia.org/wiki/Special:FilePath/Horst%20aan%20de%20Maas%20vlag.svg
Heerlen,http://commons.wikimedia.org/wiki/Special:FilePath/Heerlen%20vlag.svg
Gennep,http://commons.wikimedia.org/wiki/Special:FilePath/Flag%20of%20Gennep.svg
Echt-Susteren,http://commons.wikimedia.org/wiki/Special:FilePath/Flag%20of%20Echt-Susteren.svg
Brunssum,http://commons.wikimedia.org/wiki/Special:FilePath/Brunssum%20vlag.svg
Bergen,http://commons.wikimedia.org/wiki/Special:FilePath/Bergen%20limburg%20flag.svg
Beesel,http://commons.wikimedia.org/wiki/Special:FilePath/Beesel%20vlag.svg
Beek,http://commons.wikimedia.org/wiki/Special:FilePath/Flag%20of%20Beek%20%28Limburg%29.svg
Montfort,http://commons.wikimedia.org/wiki/Special:FilePath/Montfort%20%28Limburg%29%20vlag.svg
Kessel,http://commons.wikimedia.org/wiki/Special:FilePath/Kessel%20vlag.svg
Schin op Geul,
Slenaken,
Mesch,
Rijckholt,
Vlodrop,
Ambt Montfort,http://commons.wikimedia.org/wiki/Special:FilePath/Flag%20of%20Ambt%20Montfort%2C%20Dutch.svg
Oud-Vroenhoven,
Arcen en Velden,http://commons.wikimedia.org/wiki/Special:FilePath/Arcen%20en%20velden%20vlag.svg
Grevenbicht,
Cadier,
Linne,http://commons.wikimedia.org/wiki/Special:FilePath/Linne%20vlag.svg
Belfeld,http://commons.wikimedia.org/wiki/Special:FilePath/Belfeld%20vlag.svg
Maasbree,http://commons.wikimedia.org/wiki/Special:FilePath/Flag%20of%20Maasbree.svg
Roggel en Neer,http://commons.wikimedia.org/wiki/Special:FilePath/Roggel%20en%20Neer%20vlag.svg
Bunde,
Meijel,http://commons.wikimedia.org/wiki/Special:FilePath/Flag%20of%20Meijel.svg
Eygelshoven,http://commons.wikimedia.org/wiki/Special:FilePath/Flag%20of%20Eygelshoven.svg
Grathem,http://commons.wikimedia.org/wiki/Special:FilePath/Grathem%20vlag.svg
Sevenum,http://commons.wikimedia.org/wiki/Special:FilePath/Sevenum%20vlag.svg
Helden,http://commons.wikimedia.org/wiki/Special:FilePath/Helden%20vlag.svg
Meerlo-Wanssum,http://commons.wikimedia.org/wiki/Special:FilePath/Flag%20of%20Meerlo%20Wanssum.svg
Swalmen,http://commons.wikimedia.org/wiki/Special:FilePath/Flag%20of%20Swalmen.svg
Velden,
Maasbracht,http://commons.wikimedia.org/wiki/Special:FilePath/Maasbracht%20vlag.svg
Tudderen,
Limbricht,
Nieuwenhagen,http://commons.wikimedia.org/wiki/Special:FilePath/Nieuwenhagen%20vlag.svg
Pol en Panheel,
Valkenburg-Houthem,http://commons.wikimedia.org/wiki/Special:FilePath/Flag%20of%20Valkenburg%20aan%20de%20Geul.svg
Amby,
Grubbenvorst,http://commons.wikimedia.org/wiki/Special:FilePath/Grubbenvorst%20vlag.svg
Haelen,http://commons.wikimedia.org/wiki/Special:FilePath/Haelen%20vlag.svg
Nunhem,
Posterholt,http://commons.wikimedia.org/wiki/Special:FilePath/Flag%20of%20Posterholt.svg
Herten,http://commons.wikimedia.org/wiki/Special:FilePath/Herten%20vlag.svg
Heythuysen,
Ittervoort,
Berg en Terblijt,
Baexem,http://commons.wikimedia.org/wiki/Special:FilePath/Baexem%20vlag.svg
Maasniel,
Rimburg,
Buggenum,
Heer,http://commons.wikimedia.org/wiki/Special:FilePath/Flag%20of%20Heer%20%28Limburg%20NL%29.svg
Wittem,
Obbicht en Papenhoven,
Sint Pieter,
Strucht,
Schimmert,
Meerlo,
Stramproy,http://commons.wikimedia.org/wiki/Special:FilePath/Flag%20of%20Stramproy.svg
Ubach over Worms,http://commons.wikimedia.org/wiki/Special:FilePath/Flag%20of%20Ubach%20over%20Worms.svg
Heel en Panheel,http://commons.wikimedia.org/wiki/Special:FilePath/Heel%20en%20Panheel%20vlag.svg
Melick en Herkenbosch,
Neeritter,
Broekhuizen,http://commons.wikimedia.org/wiki/Special:FilePath/Vlagbroekhuizen.svg
Broeksittard,
Spaubeek,
Wanssum,
Urmond,
Heer en Keer,
Willige Langerak,
Maartensdijk,http://commons.wikimedia.org/wiki/Special:FilePath/Maartensdijk%20vlag.svg
Westbroek,
Schonauwen,
Rhijnauwen,
Gerverskop,
Doornspijk,
Est en Opijnen,
Balgoij,
Bruchem,
Overasselt,http://commons.wikimedia.org/wiki/Special:FilePath/Overasselt%20vlag.svg
Ruurlo,http://commons.wikimedia.org/wiki/Special:FilePath/Ruurlo%20vlag.svg
Hummelo en Keppel,http://commons.wikimedia.org/wiki/Special:FilePath/Hummelo%20en%20Keppel%20vlag.svg
Oost Gelre,http://commons.wikimedia.org/wiki/Special:FilePath/Oost%20Gelre%20vlag.svg
Didam,http://commons.wikimedia.org/wiki/Special:FilePath/Didam%20vlag.svg
Dinxperlo,http://commons.wikimedia.org/wiki/Special:FilePath/Dinxperlo%20vlag.svg
Wisch,http://commons.wikimedia.org/wiki/Special:FilePath/Wisch%20vlag.svg
Neede,http://commons.wikimedia.org/wiki/Special:FilePath/Neede%20vlag.svg
Zaltbommel,http://commons.wikimedia.org/wiki/Special:FilePath/Zaltbommel%20vlag.svg
Hengelo,http://commons.wikimedia.org/wiki/Special:FilePath/Hengelo%2C%20Gelderland%20vlag.svg
Dodewaard,http://commons.wikimedia.org/wiki/Special:FilePath/Dodewaard%20vlag.svg
Driel,
Zelhem,http://commons.wikimedia.org/wiki/Special:FilePath/Zelhem%20vlag.svg
Terborg,
Maurik,http://commons.wikimedia.org/wiki/Special:FilePath/Maurik%20vlag.svg
Lienden,http://commons.wikimedia.org/wiki/Special:FilePath/Lienden%20vlag.svg
Valburg,http://commons.wikimedia.org/wiki/Special:FilePath/Valburg%20vlag.svg
Hernen,
Hurwenen,http://commons.wikimedia.org/wiki/Special:FilePath/Hurwenen%20vlag.svg
Lent,
Ammerzoden,http://commons.wikimedia.org/wiki/Special:FilePath/Ammerzoden%20vlag.svg
Bergharen,http://commons.wikimedia.org/wiki/Special:FilePath/Bergharen%20vlag.svg
IJzendoorn,
Heerewaarden,http://commons.wikimedia.org/wiki/Special:FilePath/Heerewaarden%20vlag.svg
Wilp,
Zeddam,
Bredevoort,
Ambt Doetinchem,
Netterden,
Zuilichem,
Echteld,http://commons.wikimedia.org/wiki/Special:FilePath/Echteld%20vlag.svg
Ochten,
Horssen,http://commons.wikimedia.org/wiki/Special:FilePath/Horssen%20vlag.svg
Kerkwijk,http://commons.wikimedia.org/wiki/Special:FilePath/Kerkwijk%20vlag.svg
Dalem,
Winssen,
Elden,http://commons.wikimedia.org/wiki/Special:FilePath/Elden%20vlag.svg
Nederhemert,
Herveld,
Dreumel,http://commons.wikimedia.org/wiki/Special:FilePath/Dreumel%20vlag.svg
Afferden,
Twello,
Batenburg,
Rossum,http://commons.wikimedia.org/wiki/Special:FilePath/Rossum%20vlag.svg
Maasbommel,
Veessen,
Nijbroek,
Hemmen,http://commons.wikimedia.org/wiki/Special:FilePath/Flag%20of%20Hemmen.svg
Verwolde,
Ophemert,
Vaassen,http://commons.wikimedia.org/wiki/Special:FilePath/Vaassen%20vlag.svg
Leeuwen,
Loenen en Wolferen,
Ooij en Persingen,
Stad Doetinchem,
Ewijk,
Zutphen,http://commons.wikimedia.org/wiki/Special:FilePath/Flag%20of%20Zutphen.svg
Berg en Dal,http://commons.wikimedia.org/wiki/Special:FilePath/Berg%20en%20Dal%20vlag.jpg
West Betuwe,
Eibergen,http://commons.wikimedia.org/wiki/Special:FilePath/Eibergen%20vlag.svg
Poederoijen,
Gendringen,
Aalst,
's-Heerenberg,
Gameren,
Warnsveld,http://commons.wikimedia.org/wiki/Special:FilePath/Warnsveld%20vlag.svg
Kesteren,http://commons.wikimedia.org/wiki/Special:FilePath/Flag%20of%20Kesteren.svg
Laren,http://commons.wikimedia.org/wiki/Special:FilePath/Flag%20of%20Laren%2C%20Gelderland.gif
Appeltern,
Alphen,
Wehl,http://commons.wikimedia.org/wiki/Special:FilePath/Wehlvlag.svg
Niftrik,
Vuren,
Brakel,http://commons.wikimedia.org/wiki/Special:FilePath/Brakel%20vlag.svg
Beusichem,http://commons.wikimedia.org/wiki/Special:FilePath/Beusichem%20vlag.svg
Zoelen,
Haaften,
Angerlo,http://commons.wikimedia.org/wiki/Special:FilePath/Angerlo%20vlag.svg
Millingen,
Dorth,
Heusden,
Beek,
Keppel,
's-Hertogenbosch,http://commons.wikimedia.org/wiki/Special:FilePath/Flag%20of%20%27s-Hertogenbosch.svg
Aalburg,http://commons.wikimedia.org/wiki/Special:FilePath/Flag%20of%20Aalburg.svg
Alphen-Chaam,http://commons.wikimedia.org/wiki/Special:FilePath/Alphen-Chaam%20vlag.svg
Asten,http://commons.wikimedia.org/wiki/Special:FilePath/Flag%20of%20Asten.svg
Baarle-Nassau,http://commons.wikimedia.org/wiki/Special:FilePath/Baarle-Nassau%20flag.svg
Bergeijk,http://commons.wikimedia.org/wiki/Special:FilePath/Flag%20of%20Bergeijk.svg
Bergen op Zoom,http://commons.wikimedia.org/wiki/Special:FilePath/Bergen%20op%20Zoom%20vlag.svg
Bernheze,http://commons.wikimedia.org/wiki/Special:FilePath/Flag%20of%20Bernheze.svg
Best,http://commons.wikimedia.org/wiki/Special:FilePath/Flag%20of%20Best%20North%20Brabant.svg
Bladel,http://commons.wikimedia.org/wiki/Special:FilePath/Flag%20of%20Bladel.svg
Boekel,http://commons.wikimedia.org/wiki/Special:FilePath/Flag%20of%20Boekel.svg
Boxmeer,http://commons.wikimedia.org/wiki/Special:FilePath/Boxmeer%20vlag.svg
Boxtel,http://commons.wikimedia.org/wiki/Special:FilePath/Boxtel%20vlag.svg
Breda,http://commons.wikimedia.org/wiki/Special:FilePath/Flag%20of%20Breda.svg
Cranendonck,http://commons.wikimedia.org/wiki/Special:FilePath/Cranendonck%20vlag.svg
Cuijk,http://commons.wikimedia.org/wiki/Special:FilePath/Flag%20of%20Cuijk.svg
Deurne,http://commons.wikimedia.org/wiki/Special:FilePath/Deurne%20vlag.svg
Dongen,http://commons.wikimedia.org/wiki/Special:FilePath/Flag%20of%20Dongen.svg
Drimmelen,http://commons.wikimedia.org/wiki/Special:FilePath/Drimmelen%20vlag.svg
Eersel,http://commons.wikimedia.org/wiki/Special:FilePath/Eersel%20vlag.svg
Eindhoven,http://commons.wikimedia.org/wiki/Special:FilePath/Flag%20of%20Eindhoven.svg
Etten-Leur,http://commons.wikimedia.org/wiki/Special:FilePath/Etten-Leur%20vlag.svg
Geertruidenberg,http://commons.wikimedia.org/wiki/Special:FilePath/Geertruidenberg%20vlag.svg
Geldrop-Mierlo,http://commons.wikimedia.org/wiki/Special:FilePath/Geldrop-Mierlo%20vlag.svg
Gemert-Bakel,http://commons.wikimedia.org/wiki/Special:FilePath/Gemert-Bakel%20vlag.svg
Gilze en Rijen,http://commons.wikimedia.org/wiki/Special:FilePath/Gilze%20en%20Rijen%20vlag.svg
Goirle,http://commons.wikimedia.org/wiki/Special:FilePath/Goirle%20vlag.svg
Grave,http://commons.wikimedia.org/wiki/Special:FilePath/Grave%20vlag.svg
Haaren,http://commons.wikimedia.org/wiki/Special:FilePath/Haaren%20vlag.svg
Halderberge,http://commons.wikimedia.org/wiki/Special:FilePath/Halderberge%20vlag.svg
Heeze-Leende,http://commons.wikimedia.org/wiki/Special:FilePath/Heeze-Leende%20vlag.svg
Helmond,http://commons.wikimedia.org/wiki/Special:FilePath/Helmond%20vlag.svg
Heusden,http://commons.wikimedia.org/wiki/Special:FilePath/Flag%20of%20Heusden.svg
Hilvarenbeek,http://commons.wikimedia.org/wiki/Special:FilePath/Hilvarenbeek%20vlag.svg
Laarbeek,http://commons.wikimedia.org/wiki/Special:FilePath/Flag%20of%20Laarbeek.svg
Landerd,http://commons.wikimedia.org/wiki/Special:FilePath/Flag%20of%20Landerd.svg
Loon op Zand,http://commons.wikimedia.org/wiki/Special:FilePath/Flag%20of%20Loon%20op%20Zand.svg
Maasdonk,http://commons.wikimedia.org/wiki/Special:FilePath/Flag%20of%20Maasdonk.svg
Mill en Sint Hubert,http://commons.wikimedia.org/wiki/Special:FilePath/Mill%20en%20Sint%20Hubert%20vlag.svg
Moerdijk,http://commons.wikimedia.org/wiki/Special:FilePath/Flag%20of%20Moerdijk.svg
"Nuenen, Gerwen en Nederwetten",http://commons.wikimedia.org/wiki/Special:FilePath/Flag%20of%20Nuenen.svg
Oirschot,http://commons.wikimedia.org/wiki/Special:FilePath/Oirschot%20vlag.svg
Oisterwijk,http://commons.wikimedia.org/wiki/Special:FilePath/Flag%20of%20Oisterwijk.svg
Oosterhout,http://commons.wikimedia.org/wiki/Special:FilePath/Flag%20of%20Oosterhout.svg
Oss,http://commons.wikimedia.org/wiki/Special:FilePath/Flag%20of%20Oss.svg
Reusel-De Mierden,http://commons.wikimedia.org/wiki/Special:FilePath/Reusel-De%20Mierden%20vlag.svg
Roosendaal,http://commons.wikimedia.org/wiki/Special:FilePath/Roosendaal%20vlag.svg
Rucphen,http://commons.wikimedia.org/wiki/Special:FilePath/Flag%20of%20Rucphen.svg
Sint Anthonis,http://commons.wikimedia.org/wiki/Special:FilePath/Sint%20Anthonis%20Netherlands%20flag.svg
Sint-Michielsgestel,http://commons.wikimedia.org/wiki/Special:FilePath/Flag%20of%20Sint-Michielsgestel.svg
Someren,http://commons.wikimedia.org/wiki/Special:FilePath/Someren%20vlag.svg
Son en Breugel,http://commons.wikimedia.org/wiki/Special:FilePath/Flag%20of%20Son%20en%20Breugel.svg
Steenbergen,http://commons.wikimedia.org/wiki/Special:FilePath/Flag%20of%20Steenbergen.svg
Uden,http://commons.wikimedia.org/wiki/Special:FilePath/Flag%20of%20Uden.svg
Valkenswaard,http://commons.wikimedia.org/wiki/Special:FilePath/Flag%20of%20Valkenswaard.svg
Veghel,http://commons.wikimedia.org/wiki/Special:FilePath/Flag%20of%20Veghel.svg
Veldhoven,http://commons.wikimedia.org/wiki/Special:FilePath/Veldhoven%20vlag.svg
Vught,http://commons.wikimedia.org/wiki/Special:FilePath/Flag%20of%20Vught%20%28unofficial%29%20pre%202010.svg
Waalre,http://commons.wikimedia.org/wiki/Special:FilePath/Waalre%20vlag.svg
Werkendam,http://commons.wikimedia.org/wiki/Special:FilePath/Werkendam%20vlag.svg
Woensdrecht,http://commons.wikimedia.org/wiki/Special:FilePath/Flag%20of%20Woensdrecht.svg
Roermond,http://commons.wikimedia.org/wiki/Special:FilePath/Roermond%20vlag.svg
Heel,http://commons.wikimedia.org/wiki/Special:FilePath/Heel%20gemeentevlag.svg
Hunsel,
Borgharen,
Margraten,http://commons.wikimedia.org/wiki/Special:FilePath/Margraten%20vlag.svg
Itteren,
Bemelen,
Sint Geertruid,
Noorbeek,
Mheer,
Wijlre,
Klimmen,
Geulle,
Elsloo,http://commons.wikimedia.org/wiki/Special:FilePath/Elsloo%20vlag.svg
Gronsveld,
Gulpen,
Ulestraten,
Cadier en Keer,
Eijsden,
Beekdaelen,http://commons.wikimedia.org/wiki/Special:FilePath/Beekdaelen%20gemeentevlag.svg
Jabeek,
Schaesberg,http://commons.wikimedia.org/wiki/Special:FilePath/Schaesberg%20vlag.svg
Oud-Valkenburg,
Valkenburg,
Nieuwstadt,
Susteren,
Beegden,
Munstergeleen,
Houthem,
Horn,
Horst,
Ottersum,http://commons.wikimedia.org/wiki/Special:FilePath/Ottersum%20vlag.svg
Bocholtz,http://commons.wikimedia.org/wiki/Special:FilePath/Bocholtz%20vlag%201971.svg
Wijnandsrade,
Bingelrade,
Wessem,
Roosteren,
Ohé en Laak,http://commons.wikimedia.org/wiki/Special:FilePath/Oh%C3%A9%20en%20Laak%20vlag%201975.svg
Born,
Vlissingen,http://commons.wikimedia.org/wiki/Special:FilePath/Vlissingen%20vlag.svg
Nieuwerkerke,
Sint Joosland,
Nieuwlande,
Klaaskinderkerke,
Valkenisse,http://commons.wikimedia.org/wiki/Special:FilePath/Valkenisse%20vlag.svg
Valkenisse,
Boschkapelle,
Colijnsplaat,
Brijdorpe,
Zaamslag,http://commons.wikimedia.org/wiki/Special:FilePath/Flag%20of%20Zaamslag.svg
Stavenisse,http://commons.wikimedia.org/wiki/Special:FilePath/Flag%20of%20Stavenisse.gif
Eede,
Hontenisse,http://commons.wikimedia.org/wiki/Special:FilePath/Flag%20of%20Hontenisse.svg
Gapinge,
Duiveland,http://commons.wikimedia.org/wiki/Special:FilePath/Flag%20of%20Duiveland.svg
Middenschouwen,http://commons.wikimedia.org/wiki/Special:FilePath/Middenschouwen%20vlag.svg
Westerschouwen,http://commons.wikimedia.org/wiki/Special:FilePath/Westerschouwen%20vlag.svg
Mariekerke,http://commons.wikimedia.org/wiki/Special:FilePath/Mariekerke%20vlag.svg
Oost-Souburg,
Koudekerke,
Rilland,
Oostburg,
Wissekerke,
Zonnemaire,
Ossenisse,
Clinge,
Brouwershaven,http://commons.wikimedia.org/wiki/Special:FilePath/Flag%20of%20Brouwershaven.svg
Sinoutskerke en Baarsdorp,
Koewacht,
Bath,
Sluis-Aardenburg,
Duivendijke,
Sluis,http://commons.wikimedia.org/wiki/Special:FilePath/Sluis%20vlag%20tot%201997.svg
Meliskerke,http://commons.wikimedia.org/wiki/Special:FilePath/Meliskerke%20vlag.svg
Groede,http://commons.wikimedia.org/wiki/Special:FilePath/Groede%20vlag.svg
Maire,
Zuidzande,
Noordgouwe,
Aardenburg,
Elkerzee,
Kampensnieuwland,
Rilland-Bath,http://commons.wikimedia.org/wiki/Special:FilePath/Rilland-Bath%20vlag.svg
Oost- en West-Souburg,
Zuiddorpe,http://commons.wikimedia.org/wiki/Special:FilePath/Zuiddorpe%20vlag.svg
Schore,
Sint Anna ter Muiden,
Bierum,http://commons.wikimedia.org/wiki/Special:FilePath/Bierum%20vlag.svg
Noorddijk,
Nieuwe Pekela,http://commons.wikimedia.org/wiki/Special:FilePath/Nieuwe%20Pekela%20vlag.svg
Oldehove,
Uithuizermeeden,http://commons.wikimedia.org/wiki/Special:FilePath/Uithuizermeeden%20vlag.svg
Windeweer,
Oosterbroek,
Wildervank,
Onstwedde,
Midden-Groningen,http://commons.wikimedia.org/wiki/Special:FilePath/Midden-Groningen%20vlag.svg
Warffum,http://commons.wikimedia.org/wiki/Special:FilePath/Warffum%20vlag.svg
Westerwolde,http://commons.wikimedia.org/wiki/Special:FilePath/Westerwolde%20vlag.svg
Het Hogeland,http://commons.wikimedia.org/wiki/Special:FilePath/Het%20Hogeland%20vlag.svg
Westerkwartier,http://commons.wikimedia.org/wiki/Special:FilePath/Westerkwartier%20vlag.svg
Leens,
Poortugaal,
Hoogwoud,http://commons.wikimedia.org/wiki/Special:FilePath/Hoogwoud%20vlag.svg
Koedijk,
Rietwijkeroord,
Noord-Scharwoude,
Broek in Waterland,http://commons.wikimedia.org/wiki/Special:FilePath/Broek%20in%20Waterland%20vlag.svg
Twisk,http://commons.wikimedia.org/wiki/Special:FilePath/Twisk%20vlag.svg
Groet,
Haarlemmerliede,
Westwoud,
Midwoud,http://commons.wikimedia.org/wiki/Special:FilePath/Flag%20of%20Midwoud.svg
Opperdoes,
Zuid-Scharwoude,
Zuid- en Noord-Schermer,
Obdam,http://commons.wikimedia.org/wiki/Special:FilePath/Flag%20of%20Obdam.svg
Wognum,
Sloten,
Gooise Meren,
Eemsmond,http://commons.wikimedia.org/wiki/Special:FilePath/Flag%20of%20Eemsmond.svg
Delfzijl,http://commons.wikimedia.org/wiki/Special:FilePath/Flag%20of%20Delfzijl.svg
Bedum,http://commons.wikimedia.org/wiki/Special:FilePath/Flag%20of%20Bedum.svg
Stedum,http://commons.wikimedia.org/wiki/Special:FilePath/Stedum%20vlag%201938.svg
Grootegast,http://commons.wikimedia.org/wiki/Special:FilePath/Flag%20of%20Grootegast.svg
Westerlee,
Haren,http://commons.wikimedia.org/wiki/Special:FilePath/Haren%20vlag.svg
Termunten,http://commons.wikimedia.org/wiki/Special:FilePath/Flag%20of%20Termunten.svg
Bellingwedde,http://commons.wikimedia.org/wiki/Special:FilePath/Bellingwedde%20vlag.svg
Leek,http://commons.wikimedia.org/wiki/Special:FilePath/Flag%20of%20Leek.svg
Vlagtwedde,http://commons.wikimedia.org/wiki/Special:FilePath/Vlagtwedde%20vlag.svg
De Marne,http://commons.wikimedia.org/wiki/Special:FilePath/De%20Marne%20vlag.svg
Marum,http://commons.wikimedia.org/wiki/Special:FilePath/Flag%20of%20Marum.svg
Loppersum,http://commons.wikimedia.org/wiki/Special:FilePath/Loppersum%20vlag.svg
Slochteren,http://commons.wikimedia.org/wiki/Special:FilePath/Slochteren%20vlag.svg
Groningen,http://commons.wikimedia.org/wiki/Special:FilePath/Flag%20of%20Groningen%20City.svg
Menterwolde,http://commons.wikimedia.org/wiki/Special:FilePath/Menterwolde%20Netherlands.svg
Pekela,http://commons.wikimedia.org/wiki/Special:FilePath/Pekela%20vlag.svg
Hoogkerk,http://commons.wikimedia.org/wiki/Special:FilePath/Hoogkerk%20vlag.svg
Scheemda,http://commons.wikimedia.org/wiki/Special:FilePath/Flag%20of%20Scheemda.svg
Winsum,http://commons.wikimedia.org/wiki/Special:FilePath/VlagWinsum.svg
Oldambt,http://commons.wikimedia.org/wiki/Special:FilePath/Oldambt%20vlag.svg
Midwolda,
Oude Pekela,http://commons.wikimedia.org/wiki/Special:FilePath/Oude%20Pekela%20vlag.svg
Reiderland,http://commons.wikimedia.org/wiki/Special:FilePath/Flag%20of%20Reiderland.svg
Uithuizen,http://commons.wikimedia.org/wiki/Special:FilePath/Flag%20of%20Uithuizen.svg
Bourtange,
Waadhoeke,http://commons.wikimedia.org/wiki/Special:FilePath/Waadhoeke%20vlag.svg
Franekeradeel,http://commons.wikimedia.org/wiki/Special:FilePath/Vlag%20Franekeradeel%20%281962%29.png
Noardeast-Fryslân,http://commons.wikimedia.org/wiki/Special:FilePath/Flagge%20fan%20Noardeast-Frysl%C3%A2n.svg
Huisseling en Neerloon,
Lith,http://commons.wikimedia.org/wiki/Special:FilePath/Lith%20vlag.png
Bokhoven,
Chaam,http://commons.wikimedia.org/wiki/Special:FilePath/Chaam%20dorpsvlag%201997.svg
Zeelst,
Nieuwkuijk,
Leende,http://commons.wikimedia.org/wiki/Special:FilePath/Leende%20vlag.svg
Oijen en Teeffelen,
Oudheusden,
Nuenen en Gerwen,
Dinther,
Esch,http://commons.wikimedia.org/wiki/Special:FilePath/Flag%20of%20Esch%20%28NB%29.svg
Capelle,
Vlierden,
Sprang,
Made en Drimmelen,http://commons.wikimedia.org/wiki/Special:FilePath/Made%20en%20Drimmelen%20vlag.svg
"Oploo, Sint Anthonis en Ledeacker",
Wanroij,http://commons.wikimedia.org/wiki/Special:FilePath/Vlag%20wanroij.gif
Reek,
Nieuw-Vossemeer,http://commons.wikimedia.org/wiki/Special:FilePath/Nieuw%20Vossemeer%20vlag.svg
Maashees en Overloon,
"Hoogeloon, Hapert en Casteren",http://commons.wikimedia.org/wiki/Special:FilePath/Flag%20of%20Hoogeloon%2C%20Hapert.png
Emmikhoven en Waardhuizen,
Besoyen,
Lithoijen,
Woensel en Eckart,
Aalst,
Huijbergen,http://commons.wikimedia.org/wiki/Special:FilePath/Huijbergen%20vlag.svg
Berkel-Enschot,http://commons.wikimedia.org/wiki/Special:FilePath/Berkel-Enschot%20vlag.svg
Hedikhuizen,
Stiphout,
Prinsenbeek,http://commons.wikimedia.org/wiki/Special:FilePath/Flag%20of%20Prinsenbeek.png
Herpen,
Gassel,
Deurne en Liessel,
Vrijhoeve-Capelle,
Veldhoven en Meerveldhoven,
Alphen en Riel,http://commons.wikimedia.org/wiki/Special:FilePath/Alphenriel%20vlag.svg
Cuijk en Sint Agatha,
Drunen,http://commons.wikimedia.org/wiki/Special:FilePath/Vlag%20Drunen.svg
Bladel en Netersel,http://commons.wikimedia.org/wiki/Special:FilePath/Bladel%20en%20Netersel%20vlag.svg
Borkel en Schaft,
Rosmalen,http://commons.wikimedia.org/wiki/Special:FilePath/Oude%20vlag%20rosmalen.gif
Waspik,http://commons.wikimedia.org/wiki/Special:FilePath/Waspik%20vlag.svg
Fijnaart en Heijningen,http://commons.wikimedia.org/wiki/Special:FilePath/Fijnaart%20en%20Heijningen%20vlag.svg
Drongelen,
Baardwijk,
Diessen,http://commons.wikimedia.org/wiki/Special:FilePath/Flag%20of%20Diessen.png
Udenhout,http://commons.wikimedia.org/wiki/Special:FilePath/Udenhout%20vlag.svg
Herpt,
Gemert,
Lierop,
Princenhage,
"Meeuwen, Hill en Babyloniënbroek",
"Oost-, West- en Middelbeers",http://commons.wikimedia.org/wiki/Special:FilePath/Flag%20of%20Oost-%2C%20West-%20en%20Middelbeers.png
Raamsdonk,http://commons.wikimedia.org/wiki/Special:FilePath/Flag%20of%20Raamsdonk.png
Rijsbergen,http://commons.wikimedia.org/wiki/Special:FilePath/Flag%20of%20Rijsbergen.png
Roosendaal en Nispen,http://commons.wikimedia.org/wiki/Special:FilePath/Roosendaal%20vlag.svg
Sambeek,
Sint Anthonis en Ledeacker,
Soerendonk en Sterksel,
Velp,
Putte,http://commons.wikimedia.org/wiki/Special:FilePath/Putte%20%28NL%29%20gemeentevlag.svg
Reusel,
Ravenstein,http://commons.wikimedia.org/wiki/Special:FilePath/Vlag%20Ravenstein.png
Meierijstad,http://commons.wikimedia.org/wiki/Special:FilePath/Meierijstad%20vlag.svg
Woensel,
Altena,http://commons.wikimedia.org/wiki/Special:FilePath/Flag%20of%20Altena.svg
Ossendrecht,http://commons.wikimedia.org/wiki/Special:FilePath/Ossendrecht%20vlag.svg
Vierlingsbeek,
's Gravenmoer,http://commons.wikimedia.org/wiki/Special:FilePath/%27s%20Gravenmoer%20vlag.svg
Sprang-Capelle,
Westerhoven,http://commons.wikimedia.org/wiki/Special:FilePath/Flag%20of%20Westerhoven.png
Beers,
Mierlo,
Maarheeze,http://commons.wikimedia.org/wiki/Special:FilePath/Flag%20of%20Maarheeze.png
Alem,
Geffen,
Aarle-Rixtel,http://commons.wikimedia.org/wiki/Special:FilePath/Flag%20of%20Aarle-Rixtel.png
Oerle,
Nuland,http://commons.wikimedia.org/wiki/Special:FilePath/Nuland%20vlag%201976-1993.svg
Meeuwen,
Eethen,
Nistelrode,http://commons.wikimedia.org/wiki/Special:FilePath/Vlag%20nistelrode.gif
Luyksgestel,http://commons.wikimedia.org/wiki/Special:FilePath/Flag%20of%20Luykgestel.png
Liempde,http://commons.wikimedia.org/wiki/Special:FilePath/Liempde%20vlag.svg
Oeffelt,http://commons.wikimedia.org/wiki/Special:FilePath/Oeffelt%20vlag.svg
Oudenbosch,http://commons.wikimedia.org/wiki/Special:FilePath/Oudenbosch%20vlag.svg
Lieshout,http://commons.wikimedia.org/wiki/Special:FilePath/Flag%20of%20lieshout.png
Heeswijk-Dinther,http://commons.wikimedia.org/wiki/Special:FilePath/Heeswijk-Dinther%20vlag.svg
Schaijk,
Sint-Oedenrode,http://commons.wikimedia.org/wiki/Special:FilePath/Sint-Oedenrode%20vlag.svg
Escharen,
Beek,
Haage,
Maashorst,
Bergeyk,
Riethoven,http://commons.wikimedia.org/wiki/Special:FilePath/Flag%20of%20Riethoven.png
Rijswijk,http://commons.wikimedia.org/wiki/Special:FilePath/Rijswijk%20%28NB%29%20vlag.svg
Kessel,
Woudrichem,http://commons.wikimedia.org/wiki/Special:FilePath/Woudrichem%20vlag.svg
Zundert,http://commons.wikimedia.org/wiki/Special:FilePath/Zundert%20vlag.svg
Tilburg,http://commons.wikimedia.org/wiki/Special:FilePath/Flag%20of%20Tilburg.svg
"Soerendonk, Sterksel en Gastel",
Haps,http://commons.wikimedia.org/wiki/Special:FilePath/Haps%20vlag.svg
Hooge en Lage Mierde,http://commons.wikimedia.org/wiki/Special:FilePath/Flag%20of%20Hooge%20en%20Lage%20Mierde.png
Waalwijk,http://commons.wikimedia.org/wiki/Special:FilePath/Waalwijk%20vlag.svg
Dommelen,
Haren en Macharen,
Gastel,
"Alem, Maren en Kessel",
Made,
Budel,http://commons.wikimedia.org/wiki/Special:FilePath/Budel%20vlag.svg
Den Dungen,http://commons.wikimedia.org/wiki/Special:FilePath/Vlag%20Den%20Dungen.gif
"Megen, Haren en Macharen",http://commons.wikimedia.org/wiki/Special:FilePath/Megen%2C%20Haren%20en%20Macharen%20vlag.svg
Engelen,http://commons.wikimedia.org/wiki/Special:FilePath/Flag%20of%20Engelen.svg
Linden,
Bakel en Milheeze,http://commons.wikimedia.org/wiki/Special:FilePath/Gemeente%20vlag%20Bakel%20Milheeze.png
Gestel en Blaarthem,
Bakel,
Megen,
Heeswijk,
Moergestel,http://commons.wikimedia.org/wiki/Special:FilePath/Flag%20of%20Moergestel.png
Oud en Nieuw Gastel,http://commons.wikimedia.org/wiki/Special:FilePath/Flag%20of%20Oud%20en%20Nieuw%20Gastel.png
Empel en Meerwijk,
Deursen en Dennenburg,
Vlijmen,http://commons.wikimedia.org/wiki/Special:FilePath/Vlijmen%20vlag.svg
Strijp,
Berghem,http://commons.wikimedia.org/wiki/Special:FilePath/Berghem%20vlag.svg
Zesgehuchten,
"Vessem, Wintelre en Knegsel",
Hooge en Lage Zwaluwe,http://commons.wikimedia.org/wiki/Special:FilePath/Flag%20of%20Hooge%20en%20Lage%20Zwaluwe.png
Nederwetten en Eckart,
Dinteloord en Prinsenland,http://commons.wikimedia.org/wiki/Special:FilePath/Dinteloord%20en%20Prinsenland%20vlag.svg
Ginneken en Bavel,http://commons.wikimedia.org/wiki/Special:FilePath/Flag%20of%20Ginneken%20en%20Bavel.svg
"Dieden, Demen en Langel",
Hoeven,http://commons.wikimedia.org/wiki/Special:FilePath/Hoeven%20vlag.svg
Helvoirt,http://commons.wikimedia.org/wiki/Special:FilePath/Helvoirt%20vlag.svg
Duizel en Steensel,
Terheijden,http://commons.wikimedia.org/wiki/Special:FilePath/Flag%20of%20Terheijden.svg
Zeeland,http://commons.wikimedia.org/wiki/Special:FilePath/Zeeland%20%28NB%29%20vlag.svg
Nieuw-Ginneken,http://commons.wikimedia.org/wiki/Special:FilePath/Flag%20of%20Nieuw-Ginneken.svg
"Drongelen, Haagoort, Gansoijen en Doeveren",
Beugen en Rijkevoort,
Standdaarbuiten,http://commons.wikimedia.org/wiki/Special:FilePath/Flag%20of%20Standdaarbuiten.png
Tongelre,
Vlijmen en Engelen,
Maren,
"Dussen, Munster en Muilkerk",
Dussen,http://commons.wikimedia.org/wiki/Special:FilePath/Dussen%20vlag.svg
"Heesbeen, Eethen en Genderen",
Genderen,
Almkerk,
Land van Cuijk,http://commons.wikimedia.org/wiki/Special:FilePath/Vlag%20Land%20van%20Cuijk.svg
